DBN,Dist,loc_code,MS,Borough,CSD,total_students,testers_count,perc_tested,total_offers,perc_tested_offered,fof_testers,fof_offers,G_T,HS_Program,Citywide
01M034,1,M034,P.S. 034 FRANKLIN D. ROOSEVELT (01M034),Manhattan,D1,44,0-5,NA,0-5,NA,1,1,No,No,No
01M140,1,M140,P.S. 140 NATHAN STRAUS (01M140),Manhattan,D1,56,9,16.1,0-5,NA,0,1,No,No,No
01M184,1,M184,P.S. 184M SHUANG WEN (01M184),Manhattan,D1,112,79,70.5,29,36.7,0,0,No,No,No
01M188,1,M188,P.S. 188 THE ISLAND SCHOOL (01M188),Manhattan,D1,49,0-5,NA,0-5,NA,1,1,No,No,No
01M332,1,M332,UNIVERSITY NEIGHBORHOOD MIDDLE SCHOOL (01M332),Manhattan,D1,70,10,14.3,0-5,NA,0,1,No,No,No
01M378,1,M378,SCHOOL FOR GLOBAL LEADERS (01M378),Manhattan,D1,61,12,19.7,0-5,NA,0,1,No,No,No
01M450,1,M450,EAST SIDE COMMUNITY SCHOOL (01M450),Manhattan,D1,104,16,15.4,0-5,NA,0,1,No,Yes,No
01M539,1,M539,"NEW EXPLORATIONS INTO SCIENCE, TECHNOLOGY AND MATH HIGH SCHOOL (01M539)",Manhattan,D1,135,116,85.9,76,65.5,0,0,Yes,Yes,Yes
01M839,1,M839,TOMPKINS SQUARE MIDDLE SCHOOL (01M839),Manhattan,D1,113,33,29.2,8,24.2,0,0,No,No,No
02M104,2,M104,J.H.S. 104 SIMON BARUCH (02M104),Manhattan,D2,344,196,57,45,23,0,0,No,No,No
02M114,2,M114,EAST SIDE MIDDLE SCHOOL (02M114),Manhattan,D2,137,115,83.9,73,63.5,0,0,No,Yes,No
02M126,2,M126,P.S. 126 JACOB AUGUST RIIS (02M126),Manhattan,D2,110,65,59.1,15,23.1,0,0,No,No,No
02M131,2,M131,M.S. 131 (02M131),Manhattan,D2,110,40,36.4,0-5,NA,0,1,No,No,No
02M167,2,M167,J.H.S. 167 ROBERT F. WAGNER (02M167),Manhattan,D2,420,227,54,73,32.2,0,0,No,No,No
02M177,2,M177,YORKVILLE EAST MIDDLE SCHOOL (02M177),Manhattan,D2,73,37,50.7,0-5,NA,0,1,No,No,No
02M217,2,M217,P.S./I.S. 217 ROOSEVELT ISLAND (02M217),Manhattan,D2,26,9,34.6,0-5,NA,0,1,No,No,No
02M225,2,M225,ELLA BAKER SCHOOL (02M225),Manhattan,D2,28,0-5,NA,0-5,NA,1,1,No,No,Yes
02M255,2,M255,M.S. 255 SALK SCHOOL OF SCIENCE (02M255),Manhattan,D2,125,104,83.2,72,69.2,0,0,No,No,No
02M260,2,M260,THE CLINTON SCHOOL (02M260),Manhattan,D2,94,46,48.9,22,47.8,0,0,No,Yes,No
02M276,2,M276,BATTERY PARK CITY SCHOOL (02M276),Manhattan,D2,85,52,61.2,18,34.6,0,0,No,No,No
02M289,2,M289,I.S. 289 (02M289),Manhattan,D2,89,45,50.6,6,13.3,0,0,No,No,No
02M297,2,M297,M.S. 297 (02M297),Manhattan,D2,297,99,33.3,28,28.3,0,0,No,No,No
02M312,2,M312,NEW YORK CITY LAB MIDDLE SCHOOL FOR COLLABORATIVE STUDIES (02M312),Manhattan,D2,179,169,94.4,117,69.2,0,0,No,No,No
02M347,2,M347,THE 47 AMERICAN SIGN LANGUAGE & ENGLISH LOWER SCHOOL (02M347),Manhattan,D2,15,6,40,0-5,NA,0,1,No,No,Yes
02M397,2,M397,SPRUCE STREET SCHOOL (02M397),Manhattan,D2,54,30,55.6,9,30,0,0,No,No,No
02M407,2,M407,INSTITUTE FOR COLLABORATIVE EDUCATION (02M407),Manhattan,D2,71,17,23.9,0-5,NA,0,1,No,Yes,Yes
02M408,2,M408,PROFESSIONAL PERFORMING ARTS HIGH SCHOOL (02M408),Manhattan,D2,31,0-5,NA,0-5,NA,1,1,No,Yes,Yes
02M413,2,M413,SCHOOL OF THE FUTURE HIGH SCHOOL (02M413),Manhattan,D2,93,32,34.4,0-5,NA,0,1,No,Yes,Yes
02M422,2,M422,QUEST TO LEARN (02M422),Manhattan,D2,46,7,15.2,0-5,NA,0,1,No,Yes,Yes
02M442,2,M442,"BALLET TECH, NYC PUBLIC SCHOOL FOR DANCE (02M442)",Manhattan,D2,25,17,68,0-5,NA,0,1,No,No,Yes
02M896,2,M896,LOWER MANHATTAN COMMUNITY MIDDLE SCHOOL (02M896),Manhattan,D2,123,59,48,7,11.9,0,0,No,No,No
02M933,2,M933,CITY KNOLL MIDDLE SCHOOL (02M933),Manhattan,D2,41,0-5,NA,0-5,NA,1,1,No,No,No
03M054,3,M054,J.H.S. 054 BOOKER T. WASHINGTON (03M054),Manhattan,D3,262,219,83.6,126,57.5,0,0,No,No,No
03M076,3,M076,P.S. 076 A. PHILIP RANDOLPH (03M076),Manhattan,D3,42,10,23.8,0-5,NA,0,1,No,No,No
03M149,3,M149,P.S. 149 SOJOURNER TRUTH (03M149),Manhattan,D3,29,0-5,NA,0-5,NA,1,1,No,No,No
03M180,3,M180,P.S. 180 HUGO NEWMAN (03M180),Manhattan,D3,49,10,20.4,0-5,NA,0,1,No,No,No
03M191,3,M191,THE RIVERSIDE SCHOOL FOR MAKERS AND ARTISTS (03M191),Manhattan,D3,68,10,14.7,0-5,NA,0,1,No,No,No
03M243,3,M243,M.S. 243 CENTER SCHOOL (03M243),Manhattan,D3,59,32,54.2,14,43.8,0,0,No,No,No
03M245,3,M245,M.S. M245 THE COMPUTER SCHOOL (03M245),Manhattan,D3,123,62,50.4,14,22.6,0,0,No,No,No
03M247,3,M247,M.S. M247 DUAL LANGUAGE MIDDLE SCHOOL (03M247),Manhattan,D3,74,20,27,0-5,NA,0,1,No,No,No
03M250,3,M250,M.S. 250 WEST SIDE COLLABORATIVE MIDDLE SCHOOL (03M250),Manhattan,D3,49,8,16.3,0-5,NA,0,1,No,No,No
03M256,3,M256,LAFAYETTE ACADEMY (03M256),Manhattan,D3,49,14,28.6,0-5,NA,0,1,No,No,No
03M258,3,M258,COMMUNITY ACTION SCHOOL - MS 258 (03M258),Manhattan,D3,83,9,10.8,0-5,NA,0,1,No,No,No
03M291,3,M291,WEST END SECONDARY SCHOOL (03M291),Manhattan,D3,105,29,27.6,12,41.4,0,0,No,No,No
03M333,3,M333,P.S. 333 MANHATTAN SCHOOL FOR CHILDREN (03M333),Manhattan,D3,58,21,36.2,0-5,NA,0,1,No,No,No
03M334,3,M334,THE ANDERSON SCHOOL (03M334),Manhattan,D3,60,55,91.7,45,81.8,0,0,Yes,No,Yes
03M415,3,M415,WADLEIGH SECONDARY SCHOOL FOR THE PERFORMING & VISUAL ARTS (03M415),Manhattan,D3,25,0-5,NA,0-5,NA,1,1,No,No,No
03M421,3,M421,WEST PREP ACADEMY (03M421),Manhattan,D3,64,16,25,0-5,NA,0,1,No,No,No
03M859,3,M859,SPECIAL MUSIC SCHOOL (03M859),Manhattan,D3,12,7,58.3,0-5,NA,0,1,No,Yes,Yes
03M860,3,M860,FREDERICK DOUGLASS ACADEMY II SECONDARY SCHOOL (03M860),Manhattan,D3,23,0-5,NA,0-5,NA,1,1,No,No,No
03M862,3,M862,MOTT HALL II (03M862),Manhattan,D3,146,89,61,7,7.9,0,0,No,No,No
04M007,4,M007,P.S. 007 SAMUEL STERN (04M007),Manhattan,D4,54,9,16.7,0-5,NA,0,1,No,No,No
04M012,4,M012,TAG YOUNG SCHOLARS (04M012),Manhattan,D4,57,53,93,26,49.1,0,0,Yes,No,Yes
04M057,4,M057,JAMES WELDON JOHNSON (04M057),Manhattan,D4,82,0-5,NA,0-5,NA,1,1,No,No,No
04M072,4,M072,THE LEXINGTON ACADEMY (04M072),Manhattan,D4,66,7,10.6,0-5,NA,0,1,No,No,No
04M096,4,M096,P.S. 096 JOSEPH LANZETTA (04M096),Manhattan,D4,53,0-5,NA,0-5,NA,1,1,No,No,No
04M108,4,M108,P.S. 108 ASSEMBLYMAN ANGELO DEL TORO EDUCATIONAL COMPLEX (04M108),Manhattan,D4,62,10,16.1,0-5,NA,0,1,No,No,No
04M171,4,M171,P.S. 171 PATRICK HENRY (04M171),Manhattan,D4,82,29,35.4,0-5,NA,0,1,No,No,No
04M206,4,M206,P.S. 206 JOSE CELSO BARBOSA (04M206),Manhattan,D4,71,13,18.3,0-5,NA,0,1,No,No,No
04M224,4,M224,M.S. 224 MANHATTAN EAST SCHOOL FOR ARTS & ACADEMICS (04M224),Manhattan,D4,61,20,32.8,0-5,NA,0,1,No,No,Yes
04M372,4,M372,ESPERANZA PREPARATORY ACADEMY (04M372),Manhattan,D4,71,0-5,NA,0-5,NA,1,1,No,No,No
04M377,4,M377,RENAISSANCE SCHOOL OF THE ARTS (04M377),Manhattan,D4,76,23,30.3,0-5,NA,0,1,No,No,No
04M610,4,M610,YOUNG WOMEN'S LEADERSHIP SCHOOL (04M610),Manhattan,D4,49,0-5,NA,0-5,NA,1,1,No,No,No
04M825,4,M825,ISAAC NEWTON MIDDLE SCHOOL FOR MATH & SCIENCE (04M825),Manhattan,D4,97,21,21.6,0-5,NA,0,1,No,No,No
04M964,4,M964,CENTRAL PARK EAST II (04M964),Manhattan,D4,54,0-5,NA,0-5,NA,1,1,No,No,No
05M046,5,M046,P.S. 046 ARTHUR TAPPAN (05M046),Manhattan,D5,67,0-5,NA,0-5,NA,1,1,No,No,No
05M123,5,M123,P.S. 123 MAHALIA JACKSON (05M123),Manhattan,D5,46,11,23.9,0-5,NA,0,1,No,No,No
05M129,5,M129,P.S. 129 JOHN H. FINLEY (05M129),Manhattan,D5,44,0-5,NA,0-5,NA,1,1,No,No,No
05M148,5,M148,EAGLE ACADEMY FOR YOUNG MEN OF HARLEM (05M148),Manhattan,D5,34,6,17.6,0-5,NA,0,1,No,No,No
05M161,5,M161,P.S. 161 PEDRO ALBIZU CAMPOS (05M161),Manhattan,D5,110,12,10.9,0-5,NA,0,1,No,No,No
05M286,5,M286,URBAN ASSEMBLY ACADEMY FOR FUTURE LEADERS (05M286),Manhattan,D5,29,0-5,NA,0-5,NA,1,1,No,No,No
05M362,5,M362,COLUMBIA SECONDARY SCHOOL (05M362),Manhattan,D5,99,20,20.2,15,75,0,0,No,No,No
05M499,5,M499,FREDERICK DOUGLASS ACADEMY (05M499),Manhattan,D5,88,0-5,NA,0-5,NA,1,1,No,No,No
05M514,5,M514,NEW DESIGN MIDDLE SCHOOL (05M514),Manhattan,D5,50,10,20,0-5,NA,0,1,No,No,No
05M517,5,M517,TEACHERS COLLEGE COMMUNITY SCHOOL (05M517),Manhattan,D5,51,19,37.3,0-5,NA,0,1,No,No,No
05M670,5,M670,THURGOOD MARSHALL ACADEMY FOR LEARNING AND SOCIAL CHANGE (05M670),Manhattan,D5,56,7,12.5,0-5,NA,0,1,No,No,No
06M018,6,M018,P.S. 018 PARK TERRACE (06M018),Manhattan,D6,53,12,22.6,0-5,NA,0,1,No,No,No
06M052,6,M052,HAROLD O. LEVY SCHOOL (06M052),Manhattan,D6,99,9,9.1,0-5,NA,0,1,No,No,No
06M143,6,M143,J.H.S. 143 ELEANOR ROOSEVELT (06M143),Manhattan,D6,90,14,15.6,0-5,NA,0,1,No,No,No
06M187,6,M187,P.S./I.S. 187 HUDSON CLIFFS (06M187),Manhattan,D6,89,32,36,6,18.8,0,0,No,No,No
06M209,6,M209,HAMILTON GRANGE MIDDLE SCHOOL (06M209),Manhattan,D6,112,25,22.3,0-5,NA,0,1,No,No,No
06M210,6,M210,P.S./I.S. 210 - TWENTY-FIRST CENTURY ACADEMY FOR COMMUNITY LEADERSHIP (06M210),Manhattan,D6,59,10,16.9,0-5,NA,0,1,No,No,No
06M223,6,M223,THE MOTT HALL SCHOOL (06M223),Manhattan,D6,92,77,83.7,0-5,NA,0,1,No,No,No
06M278,6,M278,PAULA HEDBAVNY SCHOOL (06M278),Manhattan,D6,65,20,30.8,0-5,NA,0,1,No,No,No
06M293,6,M293,CITY COLLEGE ACADEMY OF THE ARTS (06M293),Manhattan,D6,87,9,10.3,0-5,NA,0,1,No,No,No
06M311,6,M311,AMISTAD DUAL LANGUAGE SCHOOL (06M311),Manhattan,D6,45,14,31.1,0-5,NA,0,1,No,No,No
06M319,6,M319,M.S. 319 - MARIA TERESA (06M319),Manhattan,D6,108,0-5,NA,0-5,NA,1,1,No,No,No
06M322,6,M322,MIDDLE SCHOOL 322 (06M322),Manhattan,D6,104,8,7.7,0-5,NA,0,1,No,No,No
06M324,6,M324,M.S. 324 - PATRIA MIRABAL (06M324),Manhattan,D6,89,15,16.9,0-5,NA,0,1,No,No,No
06M328,6,M328,COMMUNITY MATH & SCIENCE PREP (06M328),Manhattan,D6,56,6,10.7,0-5,NA,0,1,No,No,No
06M346,6,M346,COMMUNITY HEALTH ACADEMY OF THE HEIGHTS (06M346),Manhattan,D6,94,0-5,NA,0-5,NA,1,1,No,No,No
06M348,6,M348,WASHINGTON HEIGHTS EXPEDITIONARY LEARNING SCHOOL (06M348),Manhattan,D6,85,6,7.1,0-5,NA,0,1,No,No,No
06M349,6,M349,HARBOR HEIGHTS (06M349),Manhattan,D6,44,0-5,NA,0-5,NA,1,1,No,No,No
06M366,6,M366,WASHINGTON HEIGHTS ACADEMY (06M366),Manhattan,D6,55,16,29.1,0-5,NA,0,1,No,No,No
06M528,6,M528,I.S. 528 BEA FULLER RODGERS SCHOOL (06M528),Manhattan,D6,80,7,8.8,0-5,NA,0,1,No,No,No
07X005,7,X005,P.S. 5 PORT MORRIS (07X005),Bronx,D7,81,0-5,NA,0-5,NA,1,1,No,No,No
07X029,7,X029,P.S./M.S. 029 MELROSE SCHOOL (07X029),Bronx,D7,89,0-5,NA,0-5,NA,1,1,No,No,No
07X031,7,X031,P.S./M.S. 031 THE WILLIAM LLOYD GARRISON (07X031),Bronx,D7,84,12,14.3,0-5,NA,0,1,No,No,No
07X151,7,X151,J.H.S. 151 LOU GEHRIG (07X151),Bronx,D7,61,0-5,NA,0-5,NA,1,1,No,No,No
07X221,7,X221,SOUTH BRONX PREPARATORY: A COLLEGE BOARD SCHOOL (07X221),Bronx,D7,87,0-5,NA,0-5,NA,1,1,No,No,No
07X223,7,X223,THE LABORATORY SCHOOL OF FINANCE AND TECHNOLOGY: X223 (07X223),Bronx,D7,110,0-5,NA,0-5,NA,1,1,No,No,No
07X224,7,X224,P.S./I.S. 224 (07X224),Bronx,D7,85,0-5,NA,0-5,NA,1,1,No,No,No
07X296,7,X296,SOUTH BRONX ACADEMY FOR APPLIED MEDIA (07X296),Bronx,D7,69,11,15.9,0-5,NA,0,1,No,No,No
07X298,7,X298,ACADEMY OF PUBLIC RELATIONS (07X298),Bronx,D7,79,27,34.2,0-5,NA,0,1,No,No,No
07X343,7,X343,ACADEMY OF APPLIED MATHEMATICS AND TECHNOLOGY (07X343),Bronx,D7,101,23,22.8,0-5,NA,0,1,No,No,No
07X500,7,X500,HOSTOS-LINCOLN ACADEMY OF SCIENCE (07X500),Bronx,D7,49,9,18.4,0-5,NA,0,1,No,No,No
07X551,7,X551,THE URBAN ASSEMBLY BRONX ACADEMY OF LETTERS (07X551),Bronx,D7,66,0-5,NA,0-5,NA,1,1,No,No,No
07X584,7,X584,I.S. 584 (07X584),Bronx,D7,80,6,7.5,0-5,NA,0,1,No,No,No
08X071,8,X071,P.S. 071 ROSE E. SCALA (08X071),Bronx,D8,173,59,34.1,0-5,NA,0,1,No,No,No
08X101,8,X101,M.S. X101 EDWARD R. BYRNE (08X101),Bronx,D8,160,86,53.8,17,19.8,0,0,No,No,No
08X123,8,X123,J.H.S. 123 JAMES M. KIERAN (08X123),Bronx,D8,137,20,14.6,0-5,NA,0,1,No,No,No
08X131,8,X131,J.H.S. 131 ALBERT EINSTEIN (08X131),Bronx,D8,160,18,11.2,0-5,NA,0,1,No,No,No
08X269,8,X269,BRONX STUDIO SCHOOL FOR WRITERS AND ARTISTS (08X269),Bronx,D8,87,0-5,NA,0-5,NA,1,1,No,No,No
08X301,8,X301,M.S. 301 PAUL L. DUNBAR (08X301),Bronx,D8,59,23,39,0-5,NA,0,1,No,No,No
08X302,8,X302,M.S. 302 LUISA DESSUS CRUZ (08X302),Bronx,D8,147,17,11.6,0-5,NA,0,1,No,No,No
08X337,8,X337,THE SCHOOL FOR INQUIRY AND SOCIAL JUSTICE (08X337),Bronx,D8,153,43,28.1,0-5,NA,0,1,No,No,No
08X367,8,X367,"ARCHIMEDES ACADEMY FOR MATH, SCIENCE AND TECHNOLOGY APPLICATIONS (08X367)",Bronx,D8,77,14,18.2,0-5,NA,0,1,No,No,No
08X371,8,X371,URBAN INSTITUTE OF MATHEMATICS (08X371),Bronx,D8,127,40,31.5,0-5,NA,0,1,No,No,No
08X375,8,X375,THE BRONX MATHEMATICS PREPARATORY SCHOOL (08X375),Bronx,D8,79,14,17.7,0-5,NA,0,1,No,No,No
08X376,8,X376,ANTONIA PANTOJA PREPARATORY ACADEMY: A COLLEGE BOARD SCHOOL (08X376),Bronx,D8,58,19,32.8,0-5,NA,0,1,No,No,No
08X424,8,X424,THE HUNTS POINT SCHOOL (08X424),Bronx,D8,84,12,14.3,0-5,NA,0,1,No,No,No
08X448,8,X448,SOUNDVIEW ACADEMY FOR CULTURE AND SCHOLARSHIP (08X448),Bronx,D8,130,19,14.6,0-5,NA,0,1,No,No,No
08X467,8,X467,MOTT HALL COMMUNITY SCHOOL (08X467),Bronx,D8,121,19,15.7,0-5,NA,0,1,No,No,No
08X562,8,X562,BLUEPRINT MIDDLE SCHOOL (08X562),Bronx,D8,190,46,24.2,0-5,NA,0,1,No,No,No
09X004,9,X004,P.S./M.S. 004 CROTONA PARK WEST (09X004),Bronx,D9,42,0-5,NA,0-5,NA,1,1,No,No,No
09X022,9,X022,J.H.S. 022 JORDAN L. MOTT (09X022),Bronx,D9,126,21,16.7,0-5,NA,0,1,No,No,No
09X117,9,X117,I.S. 117 JOSEPH H. WADE (09X117),Bronx,D9,118,0-5,NA,0-5,NA,1,1,No,No,No
09X128,9,X128,MOTT HALL III (09X128),Bronx,D9,107,42,39.3,0-5,NA,0,1,No,No,No
09X215,9,X215,KAPPA (09X215),Bronx,D9,101,20,19.8,0-5,NA,0,1,No,No,No
09X218,9,X218,P.S./I.S. 218 RAFAEL HERNANDEZ DUAL LANGUAGE MAGNET SCHOOL (09X218),Bronx,D9,106,31,29.2,0-5,NA,0,1,No,No,No
09X219,9,X219,I.S. 219 NEW VENTURE SCHOOL (09X219),Bronx,D9,112,0-5,NA,0-5,NA,1,1,No,No,No
09X229,9,X229,I.S. 229 ROLAND PATTERSON (09X229),Bronx,D9,72,6,8.3,0-5,NA,0,1,No,No,No
09X231,9,X231,EAGLE ACADEMY FOR YOUNG MEN (09X231),Bronx,D9,53,8,15.1,0-5,NA,0,1,No,No,No
09X232,9,X232,I.S. 232 (09X232),Bronx,D9,147,8,5.4,0-5,NA,0,1,No,No,No
09X241,9,X241,"URBAN ASSEMBLY SCHOOL FOR APPLIED MATH AND SCIENCE, THE (09X241)",Bronx,D9,80,7,8.8,0-5,NA,0,1,No,No,No
09X303,9,X303,I.S. X303 LEADERSHIP & COMMUNITY SERVICE (09X303),Bronx,D9,107,9,8.4,0-5,NA,0,1,No,No,No
09X313,9,X313,I.S. 313 SCHOOL OF LEADERSHIP DEVELOPMENT (09X313),Bronx,D9,82,0-5,NA,0-5,NA,1,1,No,No,No
09X323,9,X323,BRONX WRITING ACADEMY (09X323),Bronx,D9,95,9,9.5,0-5,NA,0,1,No,No,No
09X324,9,X324,BRONX EARLY COLLEGE ACADEMY FOR TEACHING & LEARNING (09X324),Bronx,D9,58,0-5,NA,0-5,NA,1,1,No,No,No
09X327,9,X327,COMPREHENSIVE MODEL SCHOOL PROJECT M.S. 327 (09X327),Bronx,D9,98,9,9.2,0-5,NA,0,1,No,No,No
09X328,9,X328,NEW MILLENNIUM BRONX ACADEMY OF THE ARTS (09X328),Bronx,D9,108,14,13,0-5,NA,0,1,No,No,No
09X339,9,X339,I.S. 339 (09X339),Bronx,D9,125,25,20,0-5,NA,0,1,No,No,No
09X361,9,X361,THE HIGHBRIDGE GREEN SCHOOL (09X361),Bronx,D9,115,12,10.4,0-5,NA,0,1,No,No,No
09X413,9,X413,BRONX HIGH SCHOOL FOR MEDICAL SCIENCE (09X413),Bronx,D9,41,0-5,NA,0-5,NA,1,1,No,No,No
09X454,9,X454,SCIENCE AND TECHNOLOGY ACADEMY: A MOTT HALL SCHOOL (09X454),Bronx,D9,137,40,29.2,0-5,NA,0,1,No,No,No
09X505,9,X505,"BRONX SCHOOL FOR LAW, GOVERNMENT AND JUSTICE (09X505)",Bronx,D9,91,7,7.7,0-5,NA,0,1,No,No,No
09X568,9,X568,YOUNG WOMEN'S LEADERSHIP SCHOOL OF THE BRONX (09X568),Bronx,D9,71,7,9.9,0-5,NA,0,1,No,No,No
09X593,9,X593,SOUTH BRONX INTERNATIONAL MIDDLE SCHOOL (09X593),Bronx,D9,63,0-5,NA,0-5,NA,1,1,No,No,No
09X594,9,X594,M.S. 594 (09X594),Bronx,D9,88,8,9.1,0-5,NA,0,1,No,No,No
10X003,10,X003,P.S. 3 RAUL JULIA MICRO SOCIETY (10X003),Bronx,D10,41,7,17.1,0-5,NA,0,1,No,No,No
10X015,10,X015,P.S. X015 INSTITUTE FOR ENVIRONMENTAL LEARNING (10X015),Bronx,D10,63,27,42.9,0-5,NA,0,1,No,No,No
10X020,10,X020,"PS/MS 20 P.O.GEORGE J. WERDANN, III (10X020)",Bronx,D10,114,17,14.9,0-5,NA,0,1,No,No,No
10X037,10,X037,P.S. X037 - MULTIPLE INTELLIGENCE SCHOOL (10X037),Bronx,D10,64,6,9.4,0-5,NA,0,1,No,No,No
10X045,10,X045,THOMAS C. GIORDANO MIDDLE SCHOOL 45 (10X045),Bronx,D10,240,33,13.8,0-5,NA,0,1,No,No,No
10X080,10,X080,J.H.S. 080 THE MOSHOLU PARKWAY (10X080),Bronx,D10,216,52,24.1,0-5,NA,0,1,No,No,No
10X095,10,X095,P.S. 095 SHEILA MENCHER (10X095),Bronx,D10,140,33,23.6,0-5,NA,0,1,No,No,No
10X118,10,X118,J.H.S. 118 WILLIAM W. NILES (10X118),Bronx,D10,334,146,43.7,6,4.1,0,0,No,No,No
10X141,10,X141,RIVERDALE / KINGSBRIDGE ACADEMY (MIDDLE SCHOOL / HIGH SCHOOL 141) (10X141),Bronx,D10,265,86,32.5,20,23.3,0,0,No,No,No
10X206,10,X206,I.S. 206 ANN MERSEREAU (10X206),Bronx,D10,96,10,10.4,0-5,NA,0,1,No,No,No
10X225,10,X225,THEATRE ARTS PRODUCTION COMPANY SCHOOL (10X225),Bronx,D10,52,0-5,NA,0-5,NA,1,1,No,No,No
10X228,10,X228,JONAS BRONCK ACADEMY (10X228),Bronx,D10,88,49,55.7,0-5,NA,0,1,No,No,No
10X243,10,X243,WEST BRONX ACADEMY FOR THE FUTURE (10X243),Bronx,D10,91,0-5,NA,0-5,NA,1,1,No,No,No
10X244,10,X244,THE NEW SCHOOL FOR LEADERSHIP AND JOURNALISM (10X244),Bronx,D10,252,75,29.8,0-5,NA,0,1,No,No,No
10X254,10,X254,I.S. 254 (10X254),Bronx,D10,157,17,10.8,0-5,NA,0,1,No,No,No
10X264,10,X264,BRONX ACADEMY FOR SOFTWARE ENGINEERING (BASE) (10X264),Bronx,D10,3,0-5,NA,0-5,NA,1,1,No,No,No
10X279,10,X279,"P.S. 279 CAPTAIN MANUEL RIVERA, JR. (10X279)",Bronx,D10,116,21,18.1,0-5,NA,0,1,No,No,No
10X280,10,X280,P.S./M.S. 280 MOSHOLU PARKWAY (10X280),Bronx,D10,93,23,24.7,0-5,NA,0,1,No,No,No
10X308,10,X308,BRONX DANCE ACADEMY SCHOOL (10X308),Bronx,D10,80,16,20,0-5,NA,0,1,No,No,No
10X315,10,X315,P.S. 315 LAB SCHOOL (10X315),Bronx,D10,29,21,72.4,0-5,NA,0,1,No,No,No
10X331,10,X331,THE BRONX SCHOOL OF YOUNG LEADERS (10X331),Bronx,D10,143,18,12.6,0-5,NA,0,1,No,No,No
10X342,10,X342,INTERNATIONAL SCHOOL FOR LIBERAL ARTS (10X342),Bronx,D10,55,0-5,NA,0-5,NA,1,1,No,No,No
10X363,10,X363,ACADEMY FOR PERSONAL LEADERSHIP AND EXCELLENCE (10X363),Bronx,D10,301,48,15.9,0-5,NA,0,1,No,No,No
10X368,10,X368,IN-TECH ACADEMY (M.S. / HIGH SCHOOL 368) (10X368),Bronx,D10,142,18,12.7,0-5,NA,0,1,No,No,No
10X390,10,X390,M.S. 390 (10X390),Bronx,D10,174,29,16.7,0-5,NA,0,1,No,No,No
10X391,10,X391,THE ANGELO PATRI MIDDLE SCHOOL (10X391),Bronx,D10,154,20,13,0-5,NA,0,1,No,No,No
10X447,10,X447,CRESTON ACADEMY (10X447),Bronx,D10,130,24,18.5,0-5,NA,0,1,No,No,No
11X019,11,X019,P.S. 019 JUDITH K. WEISS (11X019),Bronx,D11,56,32,57.1,0-5,NA,0,1,No,No,No
11X083,11,X083,P.S. 083 DONALD HERTZ (11X083),Bronx,D11,180,59,32.8,0-5,NA,0,1,No,No,No
11X089,11,X089,P.S. 089 BRONX (11X089),Bronx,D11,191,48,25.1,0-5,NA,0,1,No,No,No
11X127,11,X127,J.H.S. 127 THE CASTLE HILL (11X127),Bronx,D11,313,117,37.4,8,6.8,0,0,No,No,No
11X144,11,X144,J.H.S. 144 MICHELANGELO (11X144),Bronx,D11,149,43,28.9,0-5,NA,0,1,No,No,No
11X175,11,X175,P.S. 175 CITY ISLAND (11X175),Bronx,D11,44,13,29.5,0-5,NA,0,1,No,No,No
11X180,11,X180,M.S. 180 DR. DANIEL HALE WILLIAMS (11X180),Bronx,D11,365,149,40.8,0-5,NA,0,1,No,No,No
11X181,11,X181,I.S. 181 PABLO CASALS (11X181),Bronx,D11,279,108,38.7,6,5.6,0,0,No,No,No
11X194,11,X194,P.S./M.S. 194 (11X194),Bronx,D11,149,53,35.6,11,20.8,0,0,No,No,No
11X287,11,X287,NORTH BRONX SCHOOL OF EMPOWERMENT (11X287),Bronx,D11,135,16,11.9,0-5,NA,0,1,No,No,No
11X326,11,X326,BRONX GREEN MIDDLE SCHOOL (11X326),Bronx,D11,144,16,11.1,0-5,NA,0,1,No,No,No
11X355,11,X355,BRONX ALLIANCE MIDDLE SCHOOL (11X355),Bronx,D11,80,9,11.2,0-5,NA,0,1,No,No,No
11X370,11,X370,LEADERS OF TOMORROW (11X370),Bronx,D11,161,42,26.1,0-5,NA,0,1,No,No,No
11X462,11,X462,CORNERSTONE ACADEMY FOR SOCIAL ACTION MIDDLE SCHOOL (CASA) (11X462),Bronx,D11,62,11,17.7,0-5,NA,0,1,No,No,No
11X468,11,X468,PELHAM ACADEMY OF ACADEMICS AND COMMUNITY ENGAGEMENT (11X468),Bronx,D11,124,21,16.9,0-5,NA,0,1,No,No,No
11X498,11,X498,P.S./M.S. 11X498 - VAN NEST ACADEMY (11X498),Bronx,D11,87,36,41.4,0-5,NA,0,1,No,No,No
11X529,11,X529,ONE WORLD MIDDLE SCHOOL AT EDENWALD (11X529),Bronx,D11,109,29,26.6,0-5,NA,0,1,No,No,No
11X532,11,X532,BAYCHESTER MIDDLE SCHOOL (11X532),Bronx,D11,100,13,13,0-5,NA,0,1,No,No,No
11X556,11,X556,BRONX PARK MIDDLE SCHOOL (11X556),Bronx,D11,141,23,16.3,0-5,NA,0,1,No,No,No
11X566,11,X566,PELHAM GARDENS MIDDLE SCHOOL (11X566),Bronx,D11,148,21,14.2,0-5,NA,0,1,No,No,No
12X098,12,X098,J.H.S. 098 HERMAN RIDDER (12X098),Bronx,D12,79,0-5,NA,0-5,NA,1,1,No,No,No
12X129,12,X129,M.S. 129 ACADEMY FOR INDEPENDENT LEARNING AND LEADERSHIP (12X129),Bronx,D12,155,14,9,0-5,NA,0,1,No,No,No
12X190,12,X190,E.S.M.T- I.S. 190 (12X190),Bronx,D12,89,13,14.6,0-5,NA,0,1,No,No,No
12X211,12,X211,P.S. 211 (12X211),Bronx,D12,59,8,13.6,0-5,NA,0,1,No,No,No
12X214,12,X214,P.S. 214 (12X214),Bronx,D12,138,22,15.9,0-5,NA,0,1,No,No,No
12X217,12,X217,SCHOOL OF PERFORMING ARTS (12X217),Bronx,D12,126,16,12.7,0-5,NA,0,1,No,No,No
12X242,12,X242,MOTT HALL V (12X242),Bronx,D12,92,6,6.5,0-5,NA,0,1,No,No,No
12X267,12,X267,BRONX LATIN (12X267),Bronx,D12,72,0-5,NA,0-5,NA,1,1,No,No,No
12X271,12,X271,EAST BRONX ACADEMY FOR THE FUTURE (12X271),Bronx,D12,86,10,11.6,0-5,NA,0,1,No,No,No
12X273,12,X273,FREDERICK DOUGLASS ACADEMY V. MIDDLE SCHOOL (12X273),Bronx,D12,61,12,19.7,0-5,NA,0,1,No,No,No
12X286,12,X286,FANNIE LOU HAMER MIDDLE SCHOOL (12X286),Bronx,D12,93,19,20.4,0-5,NA,0,1,No,No,No
12X316,12,X316,KAPPA III (12X316),Bronx,D12,104,23,22.1,0-5,NA,0,1,No,No,No
12X318,12,X318,"I.S. X318 MATH, SCIENCE & TECHNOLOGY THROUGH ARTS (12X318)",Bronx,D12,70,42,60,0-5,NA,0,1,No,No,No
12X341,12,X341,ACCION ACADEMY (12X341),Bronx,D12,92,8,8.7,0-5,NA,0,1,No,No,No
12X383,12,X383,EMOLIOR ACADEMY (12X383),Bronx,D12,132,32,24.2,0-5,NA,0,1,No,No,No
13K113,13,K113,M.S. 113 RONALD EDMONDS LEARNING CENTER (13K113),Brooklyn,D13,105,35,33.3,0-5,NA,0,1,No,No,No
13K265,13,K265,DR. SUSAN S. MCKINNEY SECONDARY SCHOOL OF THE ARTS (13K265),Brooklyn,D13,16,0-5,NA,0-5,NA,1,1,No,No,No
13K266,13,K266,M.S. K266 - PARK PLACE COMMUNITY MIDDLE SCHOOL (13K266),Brooklyn,D13,56,14,25,0-5,NA,0,1,No,No,No
13K301,13,K301,SATELLITE EAST MIDDLE SCHOOL (13K301),Brooklyn,D13,27,0-5,NA,0-5,NA,1,1,No,No,No
13K313,13,K313,DOCK STREET SCHOOL FOR STEAM STUDIES (13K313),Brooklyn,D13,91,25,27.5,0-5,NA,0,1,No,No,No
13K351,13,K351,THE URBAN ASSEMBLY UNISON SCHOOL (13K351),Brooklyn,D13,51,10,19.6,0-5,NA,0,1,No,No,No
13K492,13,K492,ACADEMY OF ARTS AND LETTERS (13K492),Brooklyn,D13,61,31,50.8,0-5,NA,0,1,No,No,No
13K527,13,K527,URBAN ASSEMBLY INSTITUTE OF MATH AND SCIENCE FOR YOUNG WOMEN (13K527),Brooklyn,D13,65,18,27.7,0-5,NA,0,1,No,No,No
13K691,13,K691,FORT GREENE PREPARATORY ACADEMY (13K691),Brooklyn,D13,75,12,16,0-5,NA,0,1,No,No,No
13K915,13,K915,I.S. 915 (13K915),Brooklyn,D13,80,30,37.5,8,26.7,0,0,No,No,No
14K050,14,K050,J.H.S. 050 JOHN D. WELLS (14K050),Brooklyn,D14,117,17,14.5,0-5,NA,0,1,No,No,No
14K071,14,K071,JUAN MOREL CAMPOS SECONDARY SCHOOL (14K071),Brooklyn,D14,58,0-5,NA,0-5,NA,1,1,No,No,No
14K084,14,K084,P.S. 084 JOSE DE DIEGO (14K084),Brooklyn,D14,86,33,38.4,0-5,NA,0,1,No,No,No
14K126,14,K126,JOHN ERICSSON MIDDLE SCHOOL 126 (14K126),Brooklyn,D14,105,17,16.2,0-5,NA,0,1,No,No,No
14K157,14,K157,P.S./I.S. 157 THE BENJAMIN FRANKLIN HEALTH & SCIENCE ACADEMY (14K157),Brooklyn,D14,55,16,29.1,0-5,NA,0,1,No,No,No
14K318,14,K318,I.S. 318 EUGENIO MARIA DE HOSTOS (14K318),Brooklyn,D14,419,158,37.7,29,18.4,0,0,No,No,No
14K577,14,K577,CONSELYEA PREPARATORY SCHOOL (14K577),Brooklyn,D14,145,63,43.4,0-5,NA,0,1,No,No,No
14K582,14,K582,M.S. 582 (14K582),Brooklyn,D14,109,22,20.2,0-5,NA,0,1,No,No,No
14K586,14,K586,LYONS COMMUNITY SCHOOL (14K586),Brooklyn,D14,52,0-5,NA,0-5,NA,1,1,No,No,No
14K614,14,K614,YOUNG WOMEN'S LEADERSHIP SCHOOL OF BROOKLYN (14K614),Brooklyn,D14,29,8,27.6,0-5,NA,0,1,No,No,No
15K051,15,K051,M.S. 51 WILLIAM ALEXANDER (15K051),Brooklyn,D15,364,233,64,78,33.5,0,0,No,No,No
15K088,15,K088,J.H.S. 088 PETER ROUGET (15K088),Brooklyn,D15,495,136,27.5,6,4.4,0,0,No,No,No
15K136,15,K136,I.S. 136 CHARLES O. DEWEY (15K136),Brooklyn,D15,181,42,23.2,0-5,NA,0,1,No,No,No
15K442,15,K442,M.S. 442 CARROLL GARDENS SCHOOL FOR INNOVATION (15K442),Brooklyn,D15,130,49,37.7,17,34.7,0,0,No,No,No
15K443,15,K443,NEW VOICES SCHOOL OF ACADEMIC & CREATIVE ARTS (15K443),Brooklyn,D15,182,85,46.7,24,28.2,0,0,No,No,No
15K447,15,K447,THE MATH & SCIENCE EXPLORATORY SCHOOL (15K447),Brooklyn,D15,184,109,59.2,32,29.4,0,0,No,No,No
15K448,15,K448,BROOKLYN COLLABORATIVE STUDIES (15K448),Brooklyn,D15,97,15,15.5,0-5,NA,0,1,No,No,No
15K464,15,K464,PARK SLOPE COLLEGIATE (15K464),Brooklyn,D15,92,34,37,0-5,NA,0,1,No,No,No
15K497,15,K497,THE BOERUM HILL SCHOOL FOR INTERNATIONAL STUDIES (15K497),Brooklyn,D15,151,65,43,16,24.6,0,0,No,No,No
15K821,15,K821,SUNSET PARK PREP (15K821),Brooklyn,D15,176,42,23.9,0-5,NA,0,1,No,No,No
15K839,15,K839,M.S. 839 (15K839),Brooklyn,D15,109,25,22.9,6,24,0,0,No,No,No
16K035,16,K035,M.S. 035 STEPHEN DECATUR (16K035),Brooklyn,D16,57,25,43.9,0-5,NA,0,1,No,No,No
16K057,16,K057,WHITELAW REID ACADEMY OF ARTS AND BUSINESS (16K057),Brooklyn,D16,33,0-5,NA,0-5,NA,1,1,No,No,No
16K267,16,K267,"M.S. 267 MATH, SCIENCE & TECHNOLOGY (16K267)",Brooklyn,D16,70,28,40,0-5,NA,0,1,No,No,No
16K308,16,K308,P.S. 308 CLARA CARDWELL (16K308),Brooklyn,D16,28,0-5,NA,0-5,NA,1,1,No,No,No
16K681,16,K681,MADIBA PREP MIDDLE SCHOOL (16K681),Brooklyn,D16,68,23,33.8,0-5,NA,0,1,No,No,No
16K898,16,K898,THE BROOKLYN GREEN SCHOOL (16K898),Brooklyn,D16,41,14,34.1,0-5,NA,0,1,No,No,No
17K002,17,K002,PARKSIDE PREPARATORY ACADEMY (17K002),Brooklyn,D17,136,22,16.2,0-5,NA,0,1,No,No,No
17K061,17,K061,M.S. 061 DR. GLADSTONE H. ATWELL (17K061),Brooklyn,D17,194,62,32,0-5,NA,0,1,No,No,No
17K138,17,K138,P.S. 138 BROOKLYN (17K138),Brooklyn,D17,77,23,29.9,0-5,NA,0,1,No,No,No
17K181,17,K181,P.S. 181 BROOKLYN (17K181),Brooklyn,D17,82,17,20.7,0-5,NA,0,1,No,No,No
17K189,17,K189,P.S. 189 THE BILINGUAL CENTER (17K189),Brooklyn,D17,116,33,28.4,0-5,NA,0,1,No,No,No
17K246,17,K246,M.S. 246 WALT WHITMAN (17K246),Brooklyn,D17,124,14,11.3,0-5,NA,0,1,No,No,No
17K340,17,K340,I.S. 340 (17K340),Brooklyn,D17,56,6,10.7,0-5,NA,0,1,No,No,No
17K352,17,K352,EBBETS FIELD MIDDLE SCHOOL (17K352),Brooklyn,D17,49,7,14.3,0-5,NA,0,1,No,No,No
17K353,17,K353,ELIJAH STROUD MIDDLE SCHOOL (17K353),Brooklyn,D17,63,0-5,NA,0-5,NA,1,1,No,No,No
17K354,17,K354,THE SCHOOL OF INTEGRATED LEARNING (17K354),Brooklyn,D17,117,57,48.7,0-5,NA,0,1,No,No,No
17K382,17,K382,ACADEMY FOR COLLEGE PREPARATION AND CAREER EXPLORATION: A COLLEGE BOARD SCHOOL (17K382),Brooklyn,D17,40,0-5,NA,0-5,NA,1,1,No,No,No
17K394,17,K394,M.S. K394 (17K394),Brooklyn,D17,49,0-5,NA,0-5,NA,1,1,No,No,No
17K484,17,K484,RONALD EDMONDS LEARNING CENTER II (17K484),Brooklyn,D17,49,0-5,NA,0-5,NA,1,1,No,No,No
17K543,17,K543,"SCIENCE, TECHNOLOGY AND RESEARCH EARLY COLLEGE HIGH SCHOOL AT ERASMUS (17K543)",Brooklyn,D17,91,18,19.8,0-5,NA,0,1,No,No,No
17K590,17,K590,MEDGAR EVERS COLLEGE PREPARATORY SCHOOL (17K590),Brooklyn,D17,165,27,16.4,0-5,NA,0,1,No,Yes,Yes
17K722,17,K722,NEW HEIGHTS MIDDLE SCHOOL (17K722),Brooklyn,D17,94,12,12.8,0-5,NA,0,1,No,No,No
18K066,18,K066,P.S. 66 (18K066),Brooklyn,D18,104,20,19.2,0-5,NA,0,1,No,No,No
18K068,18,K068,I.S. 068 ISAAC BILDERSEE (18K068),Brooklyn,D18,64,10,15.6,0-5,NA,0,1,No,No,No
18K211,18,K211,I.S. 211 JOHN WILSON (18K211),Brooklyn,D18,98,19,19.4,0-5,NA,0,1,No,No,No
18K235,18,K235,P.S. 235 JANICE MARIE KNIGHT SCHOOL (18K235),Brooklyn,D18,92,77,83.7,11,14.3,0,0,No,No,Yes
18K285,18,K285,I.S. 285 MEYER LEVIN (18K285),Brooklyn,D18,267,46,17.2,0-5,NA,0,1,No,No,No
18K366,18,K366,THE SCIENCE AND MEDICINE MIDDLE SCHOOL (18K366),Brooklyn,D18,126,35,27.8,0-5,NA,0,1,No,No,No
18K581,18,K581,"THE MIDDLE SCHOOL OF MEDIA, LAW AND FINE ARTS (18K581)",Brooklyn,D18,92,7,7.6,0-5,NA,0,1,No,No,No
18K588,18,K588,MIDDLE SCHOOL FOR ART AND PHILOSOPHY (18K588),Brooklyn,D18,48,0-5,NA,0-5,NA,1,1,No,No,No
18K763,18,K763,BROOKLYN SCIENCE AND ENGINEERING ACADEMY (18K763),Brooklyn,D18,115,31,27,0-5,NA,0,1,No,No,No
19K089,19,K089,P.S. 089 CYPRESS HILLS (19K089),Brooklyn,D19,60,7,11.7,0-5,NA,0,1,No,No,No
19K171,19,K171,I.S. 171 ABRAHAM LINCOLN (19K171),Brooklyn,D19,104,14,13.5,0-5,NA,0,1,No,No,No
19K218,19,K218,J.H.S. 218 JAMES P. SINNOTT (19K218),Brooklyn,D19,140,13,9.3,0-5,NA,0,1,No,No,No
19K292,19,K292,J.H.S. 292 MARGARET S. DOUGLAS (19K292),Brooklyn,D19,167,33,19.8,0-5,NA,0,1,No,No,No
19K364,19,K364,I.S. 364 GATEWAY (19K364),Brooklyn,D19,76,15,19.7,0-5,NA,0,1,No,No,No
19K404,19,K404,ACADEMY FOR YOUNG WRITERS (19K404),Brooklyn,D19,67,0-5,NA,0-5,NA,1,1,No,No,No
19K409,19,K409,EAST NEW YORK FAMILY ACADEMY (19K409),Brooklyn,D19,69,0-5,NA,0-5,NA,1,1,No,No,No
19K422,19,K422,SPRING CREEK COMMUNITY SCHOOL (19K422),Brooklyn,D19,67,0-5,NA,0-5,NA,1,1,No,No,No
19K452,19,K452,FREDERICK DOUGLASS ACADEMY VIII MIDDLE SCHOOL (19K452),Brooklyn,D19,102,34,33.3,0-5,NA,0,1,No,No,No
19K654,19,K654,VAN SICLEN COMMUNITY MIDDLE SCHOOL (19K654),Brooklyn,D19,105,0-5,NA,0-5,NA,1,1,No,No,No
19K661,19,K661,VISTA ACADEMY (19K661),Brooklyn,D19,153,21,13.7,0-5,NA,0,1,No,No,No
19K662,19,K662,LIBERTY AVENUE MIDDLE SCHOOL (19K662),Brooklyn,D19,162,22,13.6,0-5,NA,0,1,No,No,No
19K663,19,K663,SCHOOL OF THE FUTURE BROOKLYN (19K663),Brooklyn,D19,54,0-5,NA,0-5,NA,1,1,No,No,No
19K678,19,K678,EAST NEW YORK MIDDLE SCHOOL OF EXCELLENCE (19K678),Brooklyn,D19,84,0-5,NA,0-5,NA,1,1,No,No,No
19K760,19,K760,HIGHLAND PARK COMMUNITY SCHOOL (19K760),Brooklyn,D19,102,20,19.6,0-5,NA,0,1,No,No,No
19K907,19,K907,LEGACY SCHOOL OF THE ARTS (19K907),Brooklyn,D19,43,6,14,0-5,NA,0,1,No,No,No
20K030,20,K030,P.S./I.S. 30 MARY WHITE OVINGTON (20K030),Brooklyn,D20,119,42,35.3,9,21.4,0,0,No,No,No
20K062,20,K062,J.H.S. 062 DITMAS (20K062),Brooklyn,D20,386,90,23.3,6,6.7,0,0,No,No,No
20K104,20,K104,P.S./I.S. 104 THE FORT HAMILTON SCHOOL (20K104),Brooklyn,D20,157,62,39.5,7,11.3,0,0,No,No,No
20K163,20,K163,P.S. 163 BATH BEACH (20K163),Brooklyn,D20,72,25,34.7,0-5,NA,0,1,No,No,No
20K180,20,K180,THE SEEALL ACADEMY (20K180),Brooklyn,D20,169,92,54.4,18,19.6,0,0,No,No,No
20K187,20,K187,THE CHRISTA MCAULIFFE SCHOOL\I.S. 187 (20K187),Brooklyn,D20,340,315,92.6,221,70.2,0,0,No,No,No
20K192,20,K192,P.S. 192 - THE MAGNET SCHOOL FOR MATH AND SCIENCE INQUIRY (20K192),Brooklyn,D20,60,9,15,0-5,NA,0,1,No,No,No
20K201,20,K201,J.H.S. 201 THE DYKER HEIGHTS (20K201),Brooklyn,D20,571,342,59.9,102,29.8,0,0,No,No,No
20K220,20,K220,J.H.S. 220 JOHN J. PERSHING (20K220),Brooklyn,D20,524,153,29.2,17,11.1,0,0,No,No,No
20K223,20,K223,J.H.S. 223 THE MONTAUK (20K223),Brooklyn,D20,316,96,30.4,12,12.5,0,0,No,No,No
20K227,20,K227,J.H.S. 227 EDWARD B. SHALLOW (20K227),Brooklyn,D20,516,164,31.8,18,11,0,0,No,No,No
20K229,20,K229,P.S. 229 DYKER (20K229),Brooklyn,D20,121,73,60.3,14,19.2,0,0,No,No,No
20K259,20,K259,J.H.S. 259 WILLIAM MCKINLEY (20K259),Brooklyn,D20,578,318,55,82,25.8,0,0,No,No,No
20K609,20,K609,URBAN ASSEMBLY SCHOOL FOR LEADERSHIP AND EMPOWERMENT (20K609),Brooklyn,D20,71,15,21.1,0-5,NA,0,1,No,No,No
20K686,20,K686,BROOKLYN SCHOOL OF INQUIRY (20K686),Brooklyn,D20,53,41,77.4,25,61,0,0,No,No,Yes
21K095,21,K095,P.S. 095 THE GRAVESEND (21K095),Brooklyn,D21,60,19,31.7,0-5,NA,0,1,No,No,No
21K096,21,K096,I.S. 096 SETH LOW (21K096),Brooklyn,D21,267,71,26.6,0-5,NA,0,1,No,No,No
21K098,21,K098,I.S. 98 BAY ACADEMY (21K098),Brooklyn,D21,534,374,70,110,29.4,0,0,No,No,No
21K099,21,K099,P.S. 099 ISAAC ASIMOV (21K099),Brooklyn,D21,85,16,18.8,0-5,NA,0,1,No,No,No
21K121,21,K121,P.S. 121 NELSON A. ROCKEFELLER (21K121),Brooklyn,D21,28,6,21.4,0-5,NA,0,1,No,No,No
21K209,21,K209,P.S. 209 MARGARET MEAD (21K209),Brooklyn,D21,67,13,19.4,0-5,NA,0,1,No,No,No
21K225,21,K225,P.S. K225 - THE EILEEN E. ZAGLIN (21K225),Brooklyn,D21,127,25,19.7,0-5,NA,0,1,No,No,No
21K226,21,K226,P.S. 226 ALFRED DE B. MASON (21K226),Brooklyn,D21,101,43,42.6,0-5,NA,0,1,No,No,No
21K228,21,K228,I.S. 228 DAVID A. BOODY (21K228),Brooklyn,D21,488,187,38.3,19,10.2,0,0,No,No,No
21K238,21,K238,P.S. 238 ANNE SULLIVAN (21K238),Brooklyn,D21,65,16,24.6,0-5,NA,0,1,No,No,No
21K239,21,K239,MARK TWAIN I.S. 239 FOR THE GIFTED & TALENTED (21K239),Brooklyn,D21,424,298,70.3,151,50.7,0,0,Yes,No,Yes
21K281,21,K281,I.S. 281 JOSEPH B CAVALLARO (21K281),Brooklyn,D21,408,145,35.5,18,12.4,0,0,No,No,No
21K288,21,K288,P.S. 288 THE SHIRLEY TANYHILL (21K288),Brooklyn,D21,45,13,28.9,0-5,NA,0,1,No,No,No
21K303,21,K303,I.S. 303 HERBERT S. EISENBERG (21K303),Brooklyn,D21,192,38,19.8,0-5,NA,0,1,No,No,No
21K468,21,K468,KINGSBOROUGH EARLY COLLEGE SCHOOL (21K468),Brooklyn,D21,102,0-5,NA,0-5,NA,1,1,No,No,No
21K690,21,K690,BROOKLYN STUDIO SECONDARY SCHOOL (21K690),Brooklyn,D21,112,15,13.4,0-5,NA,0,1,No,No,No
22K014,22,K014,J.H.S. 014 SHELL BANK (22K014),Brooklyn,D22,179,32,17.9,0-5,NA,0,1,No,No,No
22K078,22,K078,J.H.S. 078 ROY H. MANN (22K078),Brooklyn,D22,180,32,17.8,0-5,NA,0,1,No,No,No
22K109,22,K109,P.S. 109 (22K109),Brooklyn,D22,61,7,11.5,0-5,NA,0,1,No,No,No
22K206,22,K206,P.S. 206 JOSEPH F LAMB (22K206),Brooklyn,D22,141,73,51.8,12,16.4,0,0,No,No,No
22K207,22,K207,P.S. 207 ELIZABETH G. LEARY (22K207),Brooklyn,D22,117,37,31.6,0-5,NA,0,1,No,No,No
22K234,22,K234,J.H.S. 234 ARTHUR W. CUNNINGHAM (22K234),Brooklyn,D22,510,217,42.5,37,17.1,0,0,No,No,No
22K240,22,K240,ANDRIES HUDDE (22K240),Brooklyn,D22,203,33,16.3,0-5,NA,0,1,No,No,No
22K278,22,K278,J.H.S. 278 MARINE PARK (22K278),Brooklyn,D22,358,65,18.2,11,16.9,0,0,No,No,No
22K381,22,K381,I. S. 381 (22K381),Brooklyn,D22,100,34,34,0-5,NA,0,1,No,No,No
22K890,22,K890,M.S. 890 (22K890),Brooklyn,D22,95,32,33.7,0-5,NA,0,1,No,No,No
23K041,23,K041,P.S. 041 FRANCIS WHITE (23K041),Brooklyn,D23,53,0-5,NA,0-5,NA,1,1,No,No,No
23K155,23,K155,P.S./ I.S. 155 NICHOLAS HERKIMER (23K155),Brooklyn,D23,32,0-5,NA,0-5,NA,1,1,No,No,No
23K178,23,K178,P.S. 178 SAINT CLAIR MCKELWAY (23K178),Brooklyn,D23,40,10,25,0-5,NA,0,1,No,No,No
23K184,23,K184,P.S. 184 NEWPORT (23K184),Brooklyn,D23,48,0-5,NA,0-5,NA,1,1,No,No,No
23K323,23,K323,P.S./I.S. 323 (23K323),Brooklyn,D23,45,6,13.3,0-5,NA,0,1,No,No,No
23K363,23,K363,BROWNSVILLE COLLABORATIVE MIDDLE SCHOOL (23K363),Brooklyn,D23,93,8,8.6,0-5,NA,0,1,No,No,No
23K392,23,K392,I.S. 392 (23K392),Brooklyn,D23,91,46,50.5,0-5,NA,0,1,No,No,No
23K518,23,K518,KAPPA V (KNOWLEDGE AND POWER PREPARATORY ACADEMY) (23K518),Brooklyn,D23,56,0-5,NA,0-5,NA,1,1,No,No,No
23K522,23,K522,MOTT HALL IV (23K522),Brooklyn,D23,61,9,14.8,0-5,NA,0,1,No,No,No
23K644,23,K644,EAGLE ACADEMY FOR YOUNG MEN II (23K644),Brooklyn,D23,96,0-5,NA,0-5,NA,1,1,No,No,No
23K664,23,K664,BROOKLYN ENVIRONMENTAL EXPLORATION SCHOOL (BEES) (23K664),Brooklyn,D23,56,0-5,NA,0-5,NA,1,1,No,No,No
23K668,23,K668,RIVERDALE AVENUE MIDDLE SCHOOL (23K668),Brooklyn,D23,42,8,19,0-5,NA,0,1,No,No,No
23K671,23,K671,MOTT HALL BRIDGES ACADEMY (23K671),Brooklyn,D23,65,7,10.8,0-5,NA,0,1,No,No,No
24Q005,24,Q005,I.S. 5 - THE WALTER CROWLEY INTERMEDIATE SCHOOL (24Q005),Queens,D24,579,172,29.7,27,15.7,0,0,No,No,No
24Q049,24,Q049,P.S. 049 DOROTHY BONAWIT KOLE (24Q049),Queens,D24,129,52,40.3,10,19.2,0,0,No,No,No
24Q061,24,Q061,I.S. 061 LEONARDO DA VINCI (24Q061),Queens,D24,708,82,11.6,0-5,NA,0,1,No,No,No
24Q073,24,Q073,I.S. 73 - THE FRANK SANSIVIERI INTERMEDIATE SCHOOL (24Q073),Queens,D24,764,257,33.6,44,17.1,0,0,No,No,No
24Q077,24,Q077,I.S. 077 (24Q077),Queens,D24,287,45,15.7,0-5,NA,0,1,No,No,No
24Q087,24,Q087,P.S./I.S. 087 MIDDLE VILLAGE (24Q087),Queens,D24,56,12,21.4,0-5,NA,0,1,No,No,No
24Q093,24,Q093,I.S. 093 RIDGEWOOD (24Q093),Queens,D24,388,56,14.4,0-5,NA,0,1,No,No,No
24Q102,24,Q102,P.S. 102 BAYVIEW (24Q102),Queens,D24,137,65,47.4,10,15.4,0,0,No,No,No
24Q113,24,Q113,P.S./I.S. 113 ANTHONY J. PRANZO (24Q113),Queens,D24,100,22,22,0-5,NA,0,1,No,No,No
24Q119,24,Q119,P.S./I.S. 119 THE GLENDALE (24Q119),Queens,D24,216,81,37.5,34,42,0,0,No,No,No
24Q125,24,Q125,I.S. 125 THOM J. MCCANN WOODSIDE (24Q125),Queens,D24,498,174,34.9,20,11.5,0,0,No,No,No
24Q128,24,Q128,"P.S. 128 THE LORRAINE TUZZO, JUNIPER VALLEY ELEMENTARY SCHOOL (24Q128)",Queens,D24,111,45,40.5,0-5,NA,0,1,No,No,No
24Q311,24,Q311,CORONA ARTS & SCIENCES ACADEMY (24Q311),Queens,D24,183,12,6.6,0-5,NA,0,1,No,No,No
24Q560,24,Q560,"ROBERT F. WAGNER, JR. SECONDARY SCHOOL FOR ARTS AND TECHNOLOGY (24Q560)",Queens,D24,45,23,51.1,0-5,NA,0,1,No,No,No
25Q025,25,Q025,I.S. 025 ADRIEN BLOCK (25Q025),Queens,D25,364,140,38.5,37,26.4,0,0,No,No,No
25Q164,25,Q164,P.S. 164 QUEENS VALLEY (25Q164),Queens,D25,76,26,34.2,0-5,NA,0,1,No,No,No
25Q185,25,Q185,J.H.S. 185 EDWARD BLEEKER (25Q185),Queens,D25,478,248,51.9,80,32.3,0,0,No,No,No
25Q189,25,Q189,J.H.S. 189 DANIEL CARTER BEARD (25Q189),Queens,D25,232,66,28.4,9,13.6,0,0,No,No,No
25Q194,25,Q194,J.H.S. 194 WILLIAM CARR (25Q194),Queens,D25,415,194,46.7,74,38.1,0,0,No,No,No
25Q200,25,Q200,P.S./M.S. 200 - THE MAGNET SCHOOL OF GLOBAL STUDIES AND LEADERSHIP (25Q200),Queens,D25,55,8,14.5,0-5,NA,0,1,No,No,No
25Q219,25,Q219,P.S. 219 PAUL KLAPPER (25Q219),Queens,D25,75,21,28,0-5,NA,0,1,No,No,No
25Q237,25,Q237,I.S. 237 (25Q237),Queens,D25,447,215,48.1,57,26.5,0,0,No,No,No
25Q250,25,Q250,I.S. 250 THE ROBERT F. KENNEDY COMMUNITY MIDDLE SCHOOL (25Q250),Queens,D25,119,22,18.5,0-5,NA,0,1,No,No,No
25Q252,25,Q252,"QUEENS SCHOOL OF INQUIRY, THE (25Q252)",Queens,D25,79,20,25.3,0-5,NA,0,1,No,No,No
25Q281,25,Q281,EAST-WEST SCHOOL OF INTERNATIONAL STUDIES (25Q281),Queens,D25,107,62,57.9,17,27.4,0,0,No,No,No
25Q285,25,Q285,WORLD JOURNALISM PREPARATORY: A COLLEGE BOARD SCHOOL (25Q285),Queens,D25,82,22,26.8,0-5,NA,0,1,No,No,No
25Q294,25,Q294,BELL ACADEMY (25Q294),Queens,D25,112,56,50,10,17.9,0,0,No,No,No
25Q379,25,Q379,COLLEGE POINT COLLABORATIVE (25Q379),Queens,D25,151,40,26.5,0-5,NA,0,1,No,No,No
25Q499,25,Q499,"THE QUEENS COLLEGE SCHOOL FOR MATH, SCIENCE AND TECHNOLOGY (25Q499)",Queens,D25,55,32,58.2,9,28.1,0,0,No,No,No
26Q067,26,Q067,J.H.S. 067 LOUIS PASTEUR (26Q067),Queens,D26,337,219,65,97,44.3,0,0,No,No,No
26Q074,26,Q074,J.H.S. 074 NATHANIEL HAWTHORNE (26Q074),Queens,D26,408,221,54.2,82,37.1,0,0,No,No,No
26Q158,26,Q158,M.S. 158 MARIE CURIE (26Q158),Queens,D26,385,200,51.9,65,32.5,0,0,No,No,No
26Q172,26,Q172,IRWIN ALTMAN MIDDLE SCHOOL 172 (26Q172),Queens,D26,336,155,46.1,21,13.5,0,0,No,No,No
26Q178,26,Q178,P.S./ IS 178 HOLLISWOOD (26Q178),Queens,D26,54,14,25.9,0-5,NA,0,1,No,No,No
26Q216,26,Q216,J.H.S. 216 GEORGE J. RYAN (26Q216),Queens,D26,529,259,49,64,24.7,0,0,No,No,No
26Q266,26,Q266,P.S./I.S. 266 (26Q266),Queens,D26,75,33,44,0-5,NA,0,1,No,No,No
27Q042,27,Q042,P.S./M.S 042 R. VERNAM (27Q042),Queens,D27,58,11,19,0-5,NA,0,1,No,No,No
27Q043,27,Q043,P.S. 043 (27Q043),Queens,D27,63,0-5,NA,0-5,NA,1,1,No,No,No
27Q047,27,Q047,P.S. 047 CHRIS GALAS (27Q047),Queens,D27,29,0-5,NA,0-5,NA,1,1,No,No,No
27Q053,27,Q053,M.S. 053 BRIAN PICCOLO (27Q053),Queens,D27,60,9,15,0-5,NA,0,1,No,No,No
27Q105,27,Q105,P.S. 105 THE BAY SCHOOL (27Q105),Queens,D27,91,0-5,NA,0-5,NA,1,1,No,No,No
27Q114,27,Q114,P.S./M.S. 114 BELLE HARBOR (27Q114),Queens,D27,30,7,23.3,0-5,NA,0,1,No,No,No
27Q124,27,Q124,P.S. 124 OSMOND A CHURCH (27Q124),Queens,D27,136,42,30.9,0-5,NA,0,1,No,No,No
27Q137,27,Q137,M.S. 137 AMERICA'S SCHOOL OF HEROES (27Q137),Queens,D27,620,164,26.5,0-5,NA,0,1,No,No,No
27Q146,27,Q146,P.S. 146 HOWARD BEACH (27Q146),Queens,D27,60,8,13.3,0-5,NA,0,1,No,No,No
27Q183,27,Q183,P.S. 183 DR. RICHARD R. GREEN (27Q183),Queens,D27,52,22,42.3,0-5,NA,0,1,No,No,No
27Q202,27,Q202,J.H.S. 202 ROBERT H. GODDARD (27Q202),Queens,D27,368,95,25.8,8,8.4,0,0,No,No,No
27Q207,27,Q207,P.S. 207 ROCKWOOD PARK (27Q207),Queens,D27,64,0-5,NA,0-5,NA,1,1,No,No,No
27Q210,27,Q210,J.H.S. 210 ELIZABETH BLACKWELL (27Q210),Queens,D27,610,132,21.6,13,9.8,0,0,No,No,No
27Q226,27,Q226,J.H.S. 226 VIRGIL I. GRISSOM (27Q226),Queens,D27,268,64,23.9,0-5,NA,0,1,No,No,No
27Q232,27,Q232,P.S. 232 LINDENWOOD (27Q232),Queens,D27,118,25,21.2,0-5,NA,0,1,No,No,No
27Q262,27,Q262,CHANNEL VIEW SCHOOL FOR RESEARCH (27Q262),Queens,D27,145,24,16.6,0-5,NA,0,1,No,No,No
27Q282,27,Q282,KNOWLEDGE AND POWER PREPARATORY ACADEMY VI (27Q282),Queens,D27,88,47,53.4,0-5,NA,0,1,No,No,No
27Q297,27,Q297,HAWTREE CREEK MIDDLE SCHOOL (27Q297),Queens,D27,126,26,20.6,0-5,NA,0,1,No,No,No
27Q309,27,Q309,ACADEMY OF MEDICAL TECHNOLOGY: A COLLEGE BOARD SCHOOL (27Q309),Queens,D27,70,0-5,NA,0-5,NA,1,1,No,No,No
27Q318,27,Q318,WATERSIDE SCHOOL FOR LEADERSHIP (27Q318),Queens,D27,72,14,19.4,0-5,NA,0,1,No,No,No
27Q319,27,Q319,VILLAGE ACADEMY (27Q319),Queens,D27,139,52,37.4,0-5,NA,0,1,No,No,No
27Q323,27,Q323,SCHOLARS' ACADEMY (27Q323),Queens,D27,192,80,41.7,31,38.8,0,0,No,Yes,Yes
27Q333,27,Q333,GOLDIE MAPLE ACADEMY (27Q333),Queens,D27,26,0-5,NA,0-5,NA,1,1,No,No,No
28Q008,28,Q008,J.H.S. 008 RICHARD S. GROSSLEY (28Q008),Queens,D28,120,14,11.7,0-5,NA,0,1,No,No,No
28Q072,28,Q072,CATHERINE & COUNT BASIE MIDDLE SCHOOL 72 (28Q072),Queens,D28,103,32,31.1,0-5,NA,0,1,No,No,No
28Q157,28,Q157,J.H.S. 157 STEPHEN A. HALSEY (28Q157),Queens,D28,544,205,37.7,60,29.3,0,0,No,No,No
28Q167,28,Q167,METROPOLITAN EXPEDITIONARY LEARNING SCHOOL (28Q167),Queens,D28,123,25,20.3,0-5,NA,0,1,No,No,No
28Q190,28,Q190,J.H.S. 190 RUSSELL SAGE (28Q190),Queens,D28,370,143,38.6,44,30.8,0,0,No,No,No
28Q217,28,Q217,J.H.S. 217 ROBERT A. VAN WYCK (28Q217),Queens,D28,549,157,28.6,10,6.4,0,0,No,No,No
28Q284,28,Q284,YORK EARLY COLLEGE ACADEMY (28Q284),Queens,D28,87,18,20.7,0-5,NA,0,1,No,No,No
28Q287,28,Q287,THE EMERSON SCHOOL (28Q287),Queens,D28,116,25,21.6,0-5,NA,0,1,No,No,No
28Q310,28,Q310,QUEENS COLLEGIATE: A COLLEGE BOARD SCHOOL (28Q310),Queens,D28,88,15,17,0-5,NA,0,1,No,No,No
28Q332,28,Q332,REDWOOD MIDDLE SCHOOL (28Q332),Queens,D28,100,25,25,0-5,NA,0,1,No,No,No
28Q358,28,Q358,M.S. 358 (28Q358),Queens,D28,125,42,33.6,0-5,NA,0,1,No,No,No
28Q680,28,Q680,QUEENS GATEWAY TO HEALTH SCIENCES SECONDARY SCHOOL (28Q680),Queens,D28,79,59,74.7,27,45.8,0,0,No,No,No
28Q896,28,Q896,"YOUNG WOMEN'S LEADERSHIP SCHOOL, QUEENS (28Q896)",Queens,D28,87,38,43.7,7,18.4,0,0,No,No,No
29Q059,29,Q059,I.S. 059 SPRINGFIELD GARDENS (29Q059),Queens,D29,170,29,17.1,0-5,NA,0,1,No,No,No
29Q109,29,Q109,JEAN NUZZI INTERMEDIATE SCHOOL (29Q109),Queens,D29,395,86,21.8,0-5,NA,0,1,No,No,No
29Q116,29,Q116,P.S./I.S. 116 WILLIAM C. HUGHLEY (29Q116),Queens,D29,73,10,13.7,0-5,NA,0,1,No,No,No
29Q138,29,Q138,P.S./M.S. 138 SUNRISE (29Q138),Queens,D29,95,17,17.9,0-5,NA,0,1,No,No,No
29Q147,29,Q147,P.S./M.S. 147 RONALD MCNAIR (29Q147),Queens,D29,87,7,8,0-5,NA,0,1,No,No,No
29Q192,29,Q192,I.S. 192 THE LINDEN (29Q192),Queens,D29,130,17,13.1,0-5,NA,0,1,No,No,No
29Q208,29,Q208,P.S./I.S. 208 (29Q208),Queens,D29,89,33,37.1,0-5,NA,0,1,No,No,No
29Q238,29,Q238,I.S. 238 - SUSAN B. ANTHONY ACADEMY (29Q238),Queens,D29,383,81,21.1,0-5,NA,0,1,No,No,No
29Q259,29,Q259,PATHWAYS COLLEGE PREPARATORY SCHOOL: A COLLEGE BOARD SCHOOL (29Q259),Queens,D29,88,6,6.8,0-5,NA,0,1,No,No,No
29Q268,29,Q268,P.S./I.S. 268 (29Q268),Queens,D29,71,18,25.4,0-5,NA,0,1,No,No,No
29Q270,29,Q270,THE GORDON PARKS SCHOOL (29Q270),Queens,D29,119,21,17.6,0-5,NA,0,1,No,No,No
29Q283,29,Q283,PREPARATORY ACADEMY FOR WRITERS: A COLLEGE BOARD SCHOOL (29Q283),Queens,D29,67,9,13.4,0-5,NA,0,1,No,No,No
29Q289,29,Q289,QUEENS UNITED MIDDLE SCHOOL (29Q289),Queens,D29,54,13,24.1,0-5,NA,0,1,No,No,No
29Q295,29,Q295,P.S./I.S. 295 (29Q295),Queens,D29,60,15,25,0-5,NA,0,1,No,No,No
29Q327,29,Q327,EAGLE ACADEMY FOR YOUNG MEN III (29Q327),Queens,D29,59,6,10.2,0-5,NA,0,1,No,No,No
29Q355,29,Q355,COLLABORATIVE ARTS MIDDLE SCHOOL (29Q355),Queens,D29,116,13,11.2,0-5,NA,0,1,No,No,No
29Q356,29,Q356,COMMUNITY VOICES MIDDLE SCHOOL (29Q356),Queens,D29,98,18,18.4,0-5,NA,0,1,No,No,No
30Q010,30,Q010,I.S. 010 HORACE GREELEY (30Q010),Queens,D30,273,57,20.9,0-5,NA,0,1,No,No,No
30Q078,30,Q078,P.S./I.S. 78Q (30Q078),Queens,D30,46,22,47.8,0-5,NA,0,1,No,No,No
30Q111,30,Q111,P.S. 111 JACOB BLACKWELL (30Q111),Queens,D30,32,0-5,NA,0-5,NA,1,1,No,No,No
30Q122,30,Q122,P.S. 122 MAMIE FAY (30Q122),Queens,D30,95,90,94.7,60,66.7,0,0,No,No,No
30Q126,30,Q126,ALBERT SHANKER SCHOOL FOR VISUAL AND PERFORMING ARTS (30Q126),Queens,D30,206,72,35,25,34.7,0,0,No,No,No
30Q127,30,Q127,P.S. 127 AEROSPACE SCIENCE MAGNET SCHOOL (30Q127),Queens,D30,159,27,17,0-5,NA,0,1,No,No,No
30Q141,30,Q141,I.S. 141 THE STEINWAY (30Q141),Queens,D30,397,164,41.3,18,11,0,0,No,No,No
30Q145,30,Q145,I.S. 145 JOSEPH PULITZER (30Q145),Queens,D30,585,159,27.2,7,4.4,0,0,No,No,No
30Q204,30,Q204,I.S. 204 OLIVER W. HOLMES (30Q204),Queens,D30,121,21,17.4,0-5,NA,0,1,No,No,No
30Q227,30,Q227,I.S. 227 LOUIS ARMSTRONG (30Q227),Queens,D30,449,204,45.4,28,13.7,0,0,No,No,No
30Q230,30,Q230,I.S. 230 (30Q230),Queens,D30,390,141,36.2,19,13.5,0,0,No,No,No
30Q235,30,Q235,ACADEMY FOR NEW AMERICANS (30Q235),Queens,D30,36,0-5,NA,0-5,NA,1,1,No,No,No
30Q286,30,Q286,"YOUNG WOMEN'S LEADERSHIP SCHOOL, ASTORIA (30Q286)",Queens,D30,88,27,30.7,0-5,NA,0,1,No,No,No
30Q291,30,Q291,HUNTERS POINT COMMUNITY MIDDLE SCHOOL (30Q291),Queens,D30,146,100,68.5,6,6,0,0,No,No,No
30Q300,30,Q300,THE 30TH AVENUE SCHOOL (G&T CITYWIDE) (30Q300),Queens,D30,46,42,91.3,24,57.1,0,0,Yes,No,Yes
30Q580,30,Q580,BACCALAUREATE SCHOOL FOR GLOBAL EDUCATION (30Q580),Queens,D30,59,36,61,14,38.9,0,0,No,Yes,Yes
31R002,31,R002,I.S. R002 GEORGE L. EGBERT (31R002),StatenIsland,D31,340,93,27.4,9,9.7,0,0,No,No,No
31R007,31,R007,I.S. 007 ELIAS BERNSTEIN (31R007),StatenIsland,D31,397,117,29.5,27,23.1,0,0,No,No,No
31R024,31,R024,I.S. 024 MYRA S. BARNES (31R024),StatenIsland,D31,428,123,28.7,13,10.6,0,0,No,No,No
31R027,31,R027,I.S. 027 ANNING S. PRALL (31R027),StatenIsland,D31,307,76,24.8,14,18.4,0,0,No,No,No
31R028,31,R028,THE EAGLE ACADEMY FOR YOUNG MEN OF STATEN ISLAND (31R028),StatenIsland,D31,69,8,11.6,0-5,NA,0,1,No,No,No
31R034,31,R034,I.S. 034 TOTTENVILLE (31R034),StatenIsland,D31,341,61,17.9,0-5,NA,0,1,No,No,No
31R048,31,R048,P.S. 048 WILLIAM G. WILCOX (31R048),StatenIsland,D31,104,47,45.2,10,21.3,0,0,No,No,No
31R049,31,R049,I.S. 49 BERTA A. DREYFUS (31R049),StatenIsland,D31,162,20,12.3,0-5,NA,0,1,No,No,No
31R051,31,R051,I.S. 051 EDWIN MARKHAM (31R051),StatenIsland,D31,340,51,15,0-5,NA,0,1,No,No,No
31R061,31,R061,I.S. 061 WILLIAM A MORRIS (31R061),StatenIsland,D31,311,32,10.3,0-5,NA,0,1,No,No,No
31R063,31,R063,MARSH AVENUE SCHOOL FOR EXPEDITIONARY LEARNING (31R063),StatenIsland,D31,146,51,34.9,0-5,NA,0,1,No,No,No
31R072,31,R072,I.S. 072 ROCCO LAURIE (31R072),StatenIsland,D31,505,134,26.5,16,11.9,0,0,No,No,No
31R075,31,R075,I.S. 075 FRANK D. PAULO (31R075),StatenIsland,D31,448,161,35.9,41,25.5,0,0,No,No,No
31R080,31,R080,THE MICHAEL J. PETRIDES SCHOOL (31R080),StatenIsland,D31,82,28,34.1,0-5,NA,0,1,No,No,No
31R861,31,R861,STATEN ISLAND SCHOOL OF CIVIC LEADERSHIP (31R861),StatenIsland,D31,88,21,23.9,0-5,NA,0,1,No,No,No
32K045,32,K045,P.S./I.S. 045 HORACE E. GREENE (32K045),Brooklyn,D32,71,9,12.7,0-5,NA,0,1,No,No,No
32K162,32,K162,J.H.S. 162 THE WILLOUGHBY (32K162),Brooklyn,D32,129,8,6.2,0-5,NA,0,1,No,No,No
32K291,32,K291,J.H.S. 291 ROLAND HAYES (32K291),Brooklyn,D32,119,6,5,0-5,NA,0,1,No,No,No
32K347,32,K347,I.S. 347 SCHOOL OF HUMANITIES (32K347),Brooklyn,D32,102,0-5,NA,0-5,NA,1,1,No,No,No
32K349,32,K349,"I.S. 349 MATH, SCIENCE & TECH. (32K349)",Brooklyn,D32,98,9,9.2,0-5,NA,0,1,No,No,No
32K383,32,K383,J.H.S. 383 PHILIPPA SCHUYLER (32K383),Brooklyn,D32,271,169,62.4,6,3.6,0,0,No,No,No
32K384,32,K384,P.S. /I.S. 384 FRANCES E. CARTER (32K384),Brooklyn,D32,52,0-5,NA,0-5,NA,1,1,No,No,No
32K554,32,K554,ALL CITY LEADERSHIP SECONDARY SCHOOL (32K554),Brooklyn,D32,60,26,43.3,8,30.8,0,0,No,No,No
32K562,32,K562,EVERGREEN MIDDLE SCHOOL FOR URBAN EXPLORATION (32K562),Brooklyn,D32,120,20,16.7,0-5,NA,0,1,No,No,No
75K036,75,K036,P.S. 36 (75K036),Brooklyn,D75,3,0-5,NA,0-5,NA,1,1,No,No,No
75K053,75,K053,P.S. K053 (75K053),Brooklyn,D75,6,0-5,NA,0-5,NA,1,1,No,No,No
75K077,75,K077,P.S. K077 (75K077),Brooklyn,D75,3,0-5,NA,0-5,NA,1,1,No,No,No
75K140,75,K140,P.S. K140 (75K140),Brooklyn,D75,16,0-5,NA,0-5,NA,1,1,No,No,No
75K141,75,K141,P.S. K141 (75K141),Brooklyn,D75,3,0-5,NA,0-5,NA,1,1,No,No,No
75K231,75,K231,P.S. K231 (75K231),Brooklyn,D75,8,0-5,NA,0-5,NA,1,1,No,No,No
75K368,75,K368,P.S. 368 (75K368),Brooklyn,D75,14,0-5,NA,0-5,NA,1,1,No,No,No
75K369,75,K369,P.S. K369 - COY L. COX SCHOOL (75K369),Brooklyn,D75,23,0-5,NA,0-5,NA,1,1,No,No,No
75K370,75,K370,P.S. 370 (75K370),Brooklyn,D75,12,0-5,NA,0-5,NA,1,1,No,No,No
75K396,75,K396,P.S. K396 (75K396),Brooklyn,D75,3,0-5,NA,0-5,NA,1,1,No,No,No
75K753,75,K753,P.S. K753 - SCHOOL FOR CAREER DEVELOPMENT (75K753),Brooklyn,D75,3,0-5,NA,0-5,NA,1,1,No,No,No
75K771,75,K771,P.S. K771 (75K771),Brooklyn,D75,18,0-5,NA,0-5,NA,1,1,No,No,No
75K811,75,K811,P.S. K811 CONNIE LEKAS SCHOOL (75K811),Brooklyn,D75,3,0-5,NA,0-5,NA,1,1,No,No,No
75M035,75,M035,P.S. 035 (75M035),Manhattan,D75,3,0-5,NA,0-5,NA,1,1,No,No,No
75M079,75,M079,P.S. M079 - HORAN SCHOOL (75M079),Manhattan,D75,3,0-5,NA,0-5,NA,1,1,No,No,No
75M094,75,M094,P.S. M094 (75M094),Manhattan,D75,3,0-5,NA,0-5,NA,1,1,No,No,No
75M138,75,M138,P.S. 138 (75M138),Manhattan,D75,7,0-5,NA,0-5,NA,1,1,No,No,No
75M169,75,M169,P.S. M169 - ROBERT F. KENNEDY (75M169),Manhattan,D75,8,0-5,NA,0-5,NA,1,1,No,No,No
75M501,75,M501,HOME INSTRUCTION (75M501),Manhattan,D75,3,0-5,NA,0-5,NA,1,1,No,No,No
75M751,75,M751,MANHATTAN SCHOOL FOR CAREER DEVELOPMENT (75M751),Manhattan,D75,7,0-5,NA,0-5,NA,1,1,No,No,No
75M811,75,M811,P.S. M811 - MICKEY MANTLE SCHOOL (75M811),Manhattan,D75,18,0-5,NA,0-5,NA,1,1,No,No,No
75Q004,75,Q004,P.S. Q004 (75Q004),Queens,D75,3,0-5,NA,0-5,NA,1,1,No,No,No
75Q009,75,Q009,P.S. 009 (75Q009),Queens,D75,24,0-5,NA,0-5,NA,1,1,No,No,No
75Q023,75,Q023,P.S. Q023 @ QUEENS CHILDREN CENTER (75Q023),Queens,D75,11,0-5,NA,0-5,NA,1,1,No,No,No
75Q075,75,Q075,ROBERT E. PEARY SCHOOL (75Q075),Queens,D75,33,0-5,NA,0-5,NA,1,1,No,No,No
75Q177,75,Q177,P.S. Q177 (75Q177),Queens,D75,3,0-5,NA,0-5,NA,1,1,No,No,No
75Q224,75,Q224,P.S. Q224 (75Q224),Queens,D75,9,0-5,NA,0-5,NA,1,1,No,No,No
75Q255,75,Q255,P.S. Q255 (75Q255),Queens,D75,3,0-5,NA,0-5,NA,1,1,No,No,No
75Q256,75,Q256,P.S. Q256 (75Q256),Queens,D75,6,0-5,NA,0-5,NA,1,1,No,No,No
75Q277,75,Q277,THE RIVERVIEW SCHOOL (75Q277),Queens,D75,6,0-5,NA,0-5,NA,1,1,No,No,No
75Q504,75,Q504,HOME INSTRUCTION - QUEEN (75Q504),Queens,D75,3,0-5,NA,0-5,NA,1,1,No,No,No
75Q811,75,Q811,P.S. Q811 (75Q811),Queens,D75,3,0-5,NA,0-5,NA,1,1,No,No,No
75Q993,75,Q993,P.S. Q993 (75Q993),Queens,D75,3,0-5,NA,0-5,NA,1,1,No,No,No
75R025,75,R025,SOUTH RICHMOND HIGH SCHOOL I.S./P.S. 25 (75R025),StatenIsland,D75,11,0-5,NA,0-5,NA,1,1,No,No,No
75R037,75,R037,THE DAVID MARQUIS SCHOOL OF THE ARTS (75R037),StatenIsland,D75,3,0-5,NA,0-5,NA,1,1,No,No,No
75R373,75,R373,P.S. R373 (75R373),StatenIsland,D75,3,0-5,NA,0-5,NA,1,1,No,No,No
75R721,75,R721,THE RICHARD H. HUNGERFORD SCHOOL (75R721),StatenIsland,D75,3,0-5,NA,0-5,NA,1,1,No,No,No
75X010,75,X010,P.S. X010 (75X010),Bronx,D75,26,0-5,NA,0-5,NA,1,1,No,No,No
75X017,75,X017,P.S. X017 (75X017),Bronx,D75,21,0-5,NA,0-5,NA,1,1,No,No,No
75X168,75,X168,P.S. 168 (75X168),Bronx,D75,13,0-5,NA,0-5,NA,1,1,No,No,No
75X176,75,X176,P.S. X176 (75X176),Bronx,D75,16,0-5,NA,0-5,NA,1,1,No,No,No
75X186,75,X186,P186X WALTER J. DAMROSCH SCHOOL (75X186),Bronx,D75,21,0-5,NA,0-5,NA,1,1,No,No,No
75X188,75,X188,P.S. X188 (75X188),Bronx,D75,7,0-5,NA,0-5,NA,1,1,No,No,No
75X352,75,X352,THE VIDA BOGART SCHOOL FOR ALL CHILDREN (75X352),Bronx,D75,8,0-5,NA,0-5,NA,1,1,No,No,No
75X596,75,X596,P.S. X596 (75X596),Bronx,D75,3,0-5,NA,0-5,NA,1,1,No,No,No
75X723,75,X723,P.S. 723 (75X723),Bronx,D75,11,0-5,NA,0-5,NA,1,1,No,No,No
79M973,79,M973,RESTART ACADEMY (79M973),Manhattan,D79,137,0-5,NA,0-5,NA,1,1,No,No,No
79X695,79,X695,PASSAGES ACADEMY (79X695),Bronx,D79,3,0-5,NA,0-5,NA,1,1,No,No,No
84K037,84,K037,BEGINNING WITH CHILDREN CHARTER SCHOOL II (84K037),Brooklyn,Charter,49,16,32.7,0-5,NA,0,1,No,No,No
84K333,84,K333,EXPLORE EXCEED CHARTER SCHOOL (84K333),Brooklyn,Charter,53,7,13.2,0-5,NA,0,1,No,No,No
84K355,84,K355,WILLIAMSBURG COLLEGIATE CHARTER SCHOOL (84K355),Brooklyn,Charter,43,14,32.6,0-5,NA,0,1,No,No,No
84K356,84,K356,ACHIEVEMENT FIRST CROWN HEIGHTS CHARTER SCHOOL (84K356),Brooklyn,Charter,58,23,39.7,0-5,NA,0,1,No,No,No
84K357,84,K357,KIPP AMP CHARTER SCHOOL (84K357),Brooklyn,Charter,36,18,50,0-5,NA,0,1,No,No,No
84K358,84,K358,ACHIEVEMENT FIRST EAST NEW YORK CHARTER SCHOOL (84K358),Brooklyn,Charter,39,30,76.9,0-5,NA,0,1,No,No,No
84K360,84,K360,LAUNCH EXPEDITIONARY LEARNING CHARTER SCHOOL (84K360),Brooklyn,Charter,97,0-5,NA,0-5,NA,1,1,No,No,No
84K362,84,K362,HELLENIC CLASSICAL CHARTER SCHOOL (84K362),Brooklyn,Charter,49,22,44.9,6,27.3,0,0,No,No,No
84K367,84,K367,SUCCESS ACADEMY CHARTER SCHOOL - BED-STUY 1 (84K367),Brooklyn,Charter,47,28,59.6,0-5,NA,0,1,No,No,No
84K379,84,K379,EXPLORE EXCEL CHARTER SCHOOL (84K379),Brooklyn,Charter,68,23,33.8,0-5,NA,0,1,No,No,No
84K406,84,K406,"EMBER CHARTER SCHOOL FOR MINDFUL EDUCATION, INNOVATION AND TRANSFORMATION (84K406)",Brooklyn,Charter,38,7,18.4,0-5,NA,0,1,No,No,No
84K508,84,K508,ACHIEVEMENT FIRST ENDEAVOR CHARTER SCHOOL (84K508),Brooklyn,Charter,54,25,46.3,0-5,NA,0,1,No,No,No
84K517,84,K517,LEADERSHIP PREP BEDFORD STUYVESANT UNCOMMON PREP CHARTER SCHOOL (84K517),Brooklyn,Charter,56,23,41.1,0-5,NA,0,1,No,No,No
84K536,84,K536,COMMUNITY ROOTS CHARTER SCHOOL (84K536),Brooklyn,Charter,51,9,17.6,0-5,NA,0,1,No,No,No
84K538,84,K538,ACHIEVEMENT FIRST BUSHWICK CHARTER SCHOOL (84K538),Brooklyn,Charter,38,16,42.1,0-5,NA,0,1,No,No,No
84K593,84,K593,EXCELLENCE BOYS CHARTER SCHOOL (84K593),Brooklyn,Charter,54,29,53.7,0-5,NA,0,1,No,No,No
84K608,84,K608,KINGS COLLEGIATE CHARTER SCHOOL (84K608),Brooklyn,Charter,40,21,52.5,0-5,NA,0,1,No,No,No
84K626,84,K626,ACHIEVEMENT FIRST BROWNSVILLE CHARTER SCHOOL (84K626),Brooklyn,Charter,72,42,58.3,0-5,NA,0,1,No,No,No
84K648,84,K648,BEDFORD STUYVESANT COLLEGIATE CHARTER SCHOOL (84K648),Brooklyn,Charter,36,19,52.8,0-5,NA,0,1,No,No,No
84K651,84,K651,PAVE ACADEMY CHARTER SCHOOL (84K651),Brooklyn,Charter,53,36,67.9,0-5,NA,0,1,No,No,No
84K652,84,K652,BROOKLYN ASCEND CHARTER SCHOOL (84K652),Brooklyn,Charter,106,28,26.4,0-5,NA,0,1,No,No,No
84K680,84,K680,ACHIEVEMENT FIRST ASPIRE CHARTER SCHOOL (84K680),Brooklyn,Charter,64,29,45.3,0-5,NA,0,1,No,No,No
84K702,84,K702,COMMUNITY PARTNERSHIP CHARTER SCHOOL (84K702),Brooklyn,Charter,42,12,28.6,0-5,NA,0,1,No,No,No
84K704,84,K704,EXPLORE CHARTER SCHOOL (84K704),Brooklyn,Charter,62,7,11.3,0-5,NA,0,1,No,No,No
84K707,84,K707,BROOKLYN PROSPECT CHARTER SCHOOL (84K707),Brooklyn,Charter,59,28,47.5,9,32.1,0,0,No,No,No
84K710,84,K710,BROWNSVILLE COLLEGIATE CHARTER SCHOOL (84K710),Brooklyn,Charter,32,8,25,0-5,NA,0,1,No,No,No
84K711,84,K711,LEADERSHIP PREPARATORY BROWNSVILLE CHARTER SCHOOL (84K711),Brooklyn,Charter,40,10,25,0-5,NA,0,1,No,No,No
84K712,84,K712,EXCELLENCE GIRLS CHARTER SCHOOL (84K712),Brooklyn,Charter,59,24,40.7,0-5,NA,0,1,No,No,No
84K724,84,K724,LEADERSHIP PREP CANARSIE CHARTER SCHOOL (LEADERSHIP PREP CS 4) (84K724),Brooklyn,Charter,52,10,19.2,0-5,NA,0,1,No,No,No
84K730,84,K730,SUMMIT ACADEMY CHARTER SCHOOL (84K730),Brooklyn,Charter,22,8,36.4,0-5,NA,0,1,No,No,No
84K731,84,K731,BROOKLYN EXCELSIOR CHARTER SCHOOL (84K731),Brooklyn,Charter,71,15,21.1,0-5,NA,0,1,No,No,No
84K737,84,K737,BROWNSVILLE ASCEND CHARTER SCHOOL (84K737),Brooklyn,Charter,115,37,32.2,0-5,NA,0,1,No,No,No
84K740,84,K740,BROOKLYN SCHOLARS CHARTER SCHOOL (84K740),Brooklyn,Charter,73,24,32.9,0-5,NA,0,1,No,No,No
84K741,84,K741,SUCCESS ACADEMY CROWN HEIGHTS (BROOKLYN 7) (84K741),Brooklyn,Charter,55,41,74.5,0-5,NA,0,1,No,No,No
84K742,84,K742,EXPLORE EMPOWER CHARTER SCHOOL (84K742),Brooklyn,Charter,58,13,22.4,0-5,NA,0,1,No,No,No
84K744,84,K744,CONEY ISLAND PREPARATORY PUBLIC CHARTER SCHOOL (84K744),Brooklyn,Charter,24,9,37.5,0-5,NA,0,1,No,No,No
84K746,84,K746,HEBREW LANGUAGE ACADEMY CHARTER SCHOOL (84K746),Brooklyn,Charter,55,11,20,0-5,NA,0,1,No,No,No
84K756,84,K756,SUCCESS ACADEMY PROSPECT HEIGHTS (BROOKLYN 6) (84K756),Brooklyn,Charter,48,32,66.7,0-5,NA,0,1,No,No,No
84K757,84,K757,UNITY PREP CHARTER SCHOOL (84K757),Brooklyn,Charter,47,14,29.8,0-5,NA,0,1,No,No,No
84K758,84,K758,BROOKLYN URBAN GARDEN CHARTER SCHOOL (84K758),Brooklyn,Charter,85,23,27.1,0-5,NA,0,1,No,No,No
84K759,84,K759,CANARSIE ASCEND CHARTER SCHOOL (84K759),Brooklyn,Charter,106,28,26.4,0-5,NA,0,1,No,No,No
84K769,84,K769,HYDE LEADERSHIP CHARTER SCHOOL- BROOKLYN (84K769),Brooklyn,Charter,43,8,18.6,0-5,NA,0,1,No,No,No
84K774,84,K774,ACHIEVEMENT FIRST APOLLO CHARTER SCHOOL (84K774),Brooklyn,Charter,71,49,69,0-5,NA,0,1,No,No,No
84K775,84,K775,LEADERSHIP PREPARATORY OCEAN HILL CHARTER SCHOOL (84K775),Brooklyn,Charter,50,20,40,0-5,NA,0,1,No,No,No
84K777,84,K777,OCEAN HILL COLLEGIATE CHARTER SCHOOL (84K777),Brooklyn,Charter,50,15,30,0-5,NA,0,1,No,No,No
84K780,84,K780,BROOKLYN EAST COLLEGIATE CHARTER SCHOOL (84K780),Brooklyn,Charter,38,12,31.6,0-5,NA,0,1,No,No,No
84K782,84,K782,BEDFORD STUYVESANT NEW BEGINNINGS CHARTER SCHOOL (84K782),Brooklyn,Charter,80,6,7.5,0-5,NA,0,1,No,No,No
84K791,84,K791,BROOKLYN DREAMS CHARTER SCHOOL (84K791),Brooklyn,Charter,63,25,39.7,0-5,NA,0,1,No,No,No
84K793,84,K793,BUSHWICK ASCEND CHARTER SCHOOL (84K793),Brooklyn,Charter,65,12,18.5,0-5,NA,0,1,No,No,No
84K803,84,K803,BROOKLYN LABCHARTER SCHOOL (84K803),Brooklyn,Charter,30,8,26.7,0-5,NA,0,1,No,No,No
84K807,84,K807,COLLEGIATE ACADEMY FOR MATH AND PERSONAL AWARENESSCHARTER SCHOOL (84K807),Brooklyn,Charter,33,0-5,NA,0-5,NA,1,1,No,No,No
84K876,84,K876,ACHIEVEMENT FIRST VOYAGER CHARTER SCHOOL (84K876),Brooklyn,Charter,20,0-5,NA,0-5,NA,1,1,No,No,No
84K879,84,K879,BROOKLYN PROSPECT CHARTER SCHOOL DOWNTOWN (84K879),Brooklyn,Charter,84,45,53.6,14,31.1,0,0,No,No,No
84K911,84,K911,EDMUND W. GORDON BROOKLYN LABORATORY CHARTER SCHOOL (84K911),Brooklyn,Charter,28,13,46.4,0-5,NA,0,1,No,No,No
84M065,84,M065,DEMOCRACY PREP ENDURANCE CHARTER SCHOOL (84M065),Manhattan,Charter,36,10,27.8,0-5,NA,0,1,No,No,No
84M068,84,M068,KIPP WASHINGTON HEIGHTS MIDDLE SCHOOL (84M068),Manhattan,Charter,28,17,60.7,0-5,NA,0,1,No,No,No
84M100,84,M100,NEIGHBORHOOD CHARTER SCHOOL OF HARLEM (84M100),Manhattan,Charter,53,25,47.2,0-5,NA,0,1,No,No,No
84M168,84,M168,EAST HARLEM SCHOLARS ACADEMY CHARTER SCHOOL II (84M168),Manhattan,Charter,41,12,29.3,0-5,NA,0,1,No,No,No
84M174,84,M174,SUCCESS ACADEMY UNION SQUARE (MANHATTAN 1) (84M174),Manhattan,Charter,65,53,81.5,17,32.1,0,0,No,No,No
84M186,84,M186,HARLEM HEBREW LANGUAGE CHARTER SCHOOL (84M186),Manhattan,Charter,28,12,42.9,0-5,NA,0,1,No,No,No
84M202,84,M202,GREAT OAKS CHARTER SCHOOL (84M202),Manhattan,Charter,49,13,26.5,0-5,NA,0,1,No,No,No
84M204,84,M204,CAPITAL PREPARATORY (CP) HARLEM CHARTER SCHOOL (84M204),Manhattan,Charter,10,0-5,NA,0-5,NA,1,1,No,No,No
84M263,84,M263,NEW YORK CITY CHARTER SCHOOL OF THE ARTS (84M263),Manhattan,Charter,88,23,26.1,0-5,NA,0,1,No,No,No
84M279,84,M279,THE OPPORTUNITY CHARTER SCHOOL (84M279),Manhattan,Charter,10,0-5,NA,0-5,NA,1,1,No,No,No
84M284,84,M284,HARLEM CHILDREN'S ZONE PROMISE ACADEMY 1 CHARTER SCHOOL (84M284),Manhattan,Charter,12,8,66.7,0-5,NA,0,1,No,No,No
84M295,84,M295,SCHOOL IN THE SQUARE PUBLIC CHARTER SCHOOL (84M295),Manhattan,Charter,95,16,16.8,0-5,NA,0,1,No,No,No
84M330,84,M330,GIRLS PREPARATORY CHARTER SCHOOL OF NEW YORK (84M330),Manhattan,Charter,72,18,25,0-5,NA,0,1,No,No,No
84M335,84,M335,HARLEM VILLAGE ACADEMY EAST CHARTER SCHOOL (84M335),Manhattan,Charter,20,7,35,0-5,NA,0,1,No,No,No
84M336,84,M336,KIPP INFINITY CHARTER SCHOOL (84M336),Manhattan,Charter,26,21,80.8,0-5,NA,0,1,No,No,No
84M341,84,M341,HARLEM CHILDREN'S ZONE PROMISE ACADEMY II CHARTER SCHOOL (84M341),Manhattan,Charter,16,9,56.2,0-5,NA,0,1,No,No,No
84M350,84,M350,DEMOCRACY PREP CHARTER SCHOOL (84M350),Manhattan,Charter,33,15,45.5,0-5,NA,0,1,No,No,No
84M351,84,M351,SUCCESS ACADEMY CHARTER SCHOOL - HARLEM 1 (84M351),Manhattan,Charter,47,15,31.9,0-5,NA,0,1,No,No,No
84M353,84,M353,NEW HEIGHTS ACADEMY CHARTER SCHOOL (84M353),Manhattan,Charter,9,0-5,NA,0-5,NA,1,1,No,No,No
84M382,84,M382,DREAM CHARTER SCHOOL (84M382),Manhattan,Charter,33,11,33.3,0-5,NA,0,1,No,No,No
84M384,84,M384,SUCCESS ACADEMY CHARTER SCHOOL - HARLEM 2 (84M384),Manhattan,Charter,21,15,71.4,0-5,NA,0,1,No,No,No
84M385,84,M385,SUCCESS ACADEMY CHARTER SCHOOL - HARLEM 3 (84M385),Manhattan,Charter,49,22,44.9,0-5,NA,0,1,No,No,No
84M388,84,M388,ST. HOPE LEADERSHIP ACADEMY CHARTER SCHOOL (84M388),Manhattan,Charter,79,14,17.7,0-5,NA,0,1,No,No,No
84M430,84,M430,THE EQUITY PROJECT CHARTER SCHOOL (TEP) (84M430),Manhattan,Charter,123,35,28.5,0-5,NA,0,1,No,No,No
84M478,84,M478,INWOOD ACADEMY FOR LEADERSHIP CHARTER SCHOOL (84M478),Manhattan,Charter,26,17,65.4,0-5,NA,0,1,No,No,No
84M481,84,M481,DEMOCRACY PREP HARLEM CHARTER SCHOOL (84M481),Manhattan,Charter,24,7,29.2,0-5,NA,0,1,No,No,No
84M482,84,M482,SUCCESS ACADEMY CHARTER SCHOOL - HARLEM 5 (84M482),Manhattan,Charter,64,37,57.8,0-5,NA,0,1,No,No,No
84M483,84,M483,NEW YORK FRENCH AMERICAN CHARTER SCHOOL (84M483),Manhattan,Charter,12,0-5,NA,0-5,NA,1,1,No,No,No
84M518,84,M518,EAST HARLEM SCHOLARS ACADEMY CHARTER SCHOOL (84M518),Manhattan,Charter,34,0-5,NA,0-5,NA,1,1,No,No,No
84M523,84,M523,SUCCESS ACADEMY CHARTER SCHOOL - UPPER WEST (84M523),Manhattan,Charter,71,34,47.9,8,23.5,0,0,No,No,No
84M704,84,M704,HARBOR SCIENCE AND ARTS CHARTER SCHOOL (84M704),Manhattan,Charter,33,0-5,NA,0-5,NA,1,1,No,No,No
84M708,84,M708,HARLEM PREP CHARTER SCHOOL (84M708),Manhattan,Charter,28,0-5,NA,0-5,NA,1,1,No,No,No
84M709,84,M709,HARLEM VILLAGE ACADEMY WEST CHARTER SCHOOL,Manhattan,Charter,26,16,61.5,0-5,NA,0,1,No,No,No
84M726,84,M726,KIPP STAR COLLEGE PREP CHARTER SCHOOL (84M726),Manhattan,Charter,15,0-5,NA,0-5,NA,1,1,No,No,No
84M861,84,M861,FUTURE LEADERS INSTITUTE CHARTER SCHOOL (84M861),Manhattan,Charter,47,11,23.4,0-5,NA,0,1,No,No,No
84Q083,84,Q083,CENTRAL QUEENS ACADEMY CHARTER SCHOOL (84Q083),Queens,Charter,92,29,31.5,9,31,0,0,No,No,No
84Q298,84,Q298,MIDDLE VILLAGE PREP CHARTER SCHOOL (84Q298),Queens,Charter,112,49,43.8,0-5,NA,0,1,No,No,No
84Q304,84,Q304,VOICE CHARTER SCHOOL OF NEW YORK (84Q304),Queens,Charter,89,30,33.7,0-5,NA,0,1,No,No,No
84Q321,84,Q321,GROWING UP GREEN CHARTER SCHOOL (84Q321),Queens,Charter,89,24,27,0-5,NA,0,1,No,No,No
84Q340,84,Q340,CHALLENGE PREPARATORY CHARTER SCHOOL (84Q340),Queens,Charter,30,10,33.3,0-5,NA,0,1,No,No,No
84Q341,84,Q341,RIVERTON STREET CHARTER SCHOOL (84Q341),Queens,Charter,92,34,37,0-5,NA,0,1,No,No,No
84Q380,84,Q380,FORTE PREPARATORY ACADEMY CHARTER SCHOOL (84Q380),Queens,Charter,83,51,61.4,0-5,NA,0,1,No,No,No
84Q705,84,Q705,RENAISSANCE CHARTER SCHOOL (84Q705),Queens,Charter,20,11,55,0-5,NA,0,1,No,No,No
84Q706,84,Q706,OUR WORLD NEIGHBORHOOD CHARTER SCHOOL (84Q706),Queens,Charter,76,30,39.5,0-5,NA,0,1,No,No,No
84R067,84,R067,JOHN W. LAVELLE PREPARATORY CHARTER SCHOOL (84R067),StatenIsland,Charter,26,0-5,NA,0-5,NA,1,1,No,No,No
84R073,84,R073,NEW WORLD PREPARATORY CHARTER SCHOOL (84R073),StatenIsland,Charter,120,10,8.3,0-5,NA,0,1,No,No,No
84X124,84,X124,CHILDREN'S AID COLLEGE PREP CHARTER SCHOOL (84X124),Bronx,Charter,65,14,21.5,0-5,NA,0,1,No,No,No
84X133,84,X133,ICAHN CHARTER SCHOOL 6 (84X133),Bronx,Charter,33,11,33.3,0-5,NA,0,1,No,No,No
84X165,84,X165,GRAND CONCOURSE CHARTER SCHOOL (84X165),Bronx,Charter,49,19,38.8,0-5,NA,0,1,No,No,No
84X177,84,X177,MOTT HALL CHARTER SCHOOL (84X177),Bronx,Charter,102,11,10.8,0-5,NA,0,1,No,No,No
84X185,84,X185,BRONX LIGHTHOUSE CHARTER SCHOOL (84X185),Bronx,Charter,10,0-5,NA,0-5,NA,1,1,No,No,No
84X233,84,X233,FAMILY LIFE ACADEMY CHARTER SCHOOL II (84X233),Bronx,Charter,109,37,33.9,0-5,NA,0,1,No,No,No
84X255,84,X255,BRONX CHARTER SCHOOL FOR EXCELLENCE (84X255),Bronx,Charter,85,53,62.4,9,17,0,0,No,No,No
84X309,84,X309,SOUTH BRONX CHARTER SCHOOL FOR INTERNATIONAL CULTURES AND THE ARTS (84X309),Bronx,Charter,43,6,14,0-5,NA,0,1,No,No,No
84X345,84,X345,HYDE LEADERSHIP CHARTER SCHOOL (84X345),Bronx,Charter,26,9,34.6,0-5,NA,0,1,No,No,No
84X346,84,X346,SOUTH BRONX CLASSICAL CHARTER SCHOOL (84X346),Bronx,Charter,28,23,82.1,0-5,NA,0,1,No,No,No
84X362,84,X362,ICAHN CHARTER SCHOOL 7 (84X362),Bronx,Charter,29,13,44.8,0-5,NA,0,1,No,No,No
84X364,84,X364,SOUTH BRONX CLASSICAL CHARTER SCHOOL II (84X364),Bronx,Charter,12,11,91.7,0-5,NA,0,1,No,No,No
84X378,84,X378,ICAHN CHARTER SCHOOL 2 (84X378),Bronx,Charter,31,22,71,0-5,NA,0,1,No,No,No
84X380,84,X380,SUCCESS ACADEMY CHARTER SCHOOL - BRONX 3 (84X380),Bronx,Charter,57,43,75.4,9,20.9,0,0,No,No,No
84X387,84,X387,BRILLA COLLEGE PREP CHARTER SCHOOL (84X387),Bronx,Charter,66,22,33.3,0-5,NA,0,1,No,No,No
84X389,84,X389,BRONX GLOBAL LEARNING INSTITUTE FOR GIRLS CHARTER SCHOOL (84X389),Bronx,Charter,40,8,20,0-5,NA,0,1,No,No,No
84X394,84,X394,MOTT HAVEN ACADEMY CHARTER SCHOOL (84X394),Bronx,Charter,50,9,18,0-5,NA,0,1,No,No,No
84X398,84,X398,BRONX COMMUNITY CHARTER SCHOOL (84X398),Bronx,Charter,54,8,14.8,0-5,NA,0,1,No,No,No
84X419,84,X419,BRONX ACADEMY OF PROMISE CHARTER SCHOOL (84X419),Bronx,Charter,57,26,45.6,0-5,NA,0,1,No,No,No
84X422,84,X422,ICAHN CHARTER SCHOOL 3 (84X422),Bronx,Charter,28,13,46.4,0-5,NA,0,1,No,No,No
84X460,84,X460,ATMOSPHERE CHARTER SCHOOL (84X460),Bronx,Charter,139,55,39.6,0-5,NA,0,1,No,No,No
84X461,84,X461,METROPOLITAN LIGHTHOUSE CHARTER SCHOOL (84X461),Bronx,Charter,28,12,42.9,0-5,NA,0,1,No,No,No
84X471,84,X471,AMERICAN DREAM CHARTER SCHOOL (84X471),Bronx,Charter,18,9,50,0-5,NA,0,1,No,No,No
84X482,84,X482,DR. RICHARD IZQUIERDO HEALTH AND SCIENCE CHARTER SCHOOL (84X482),Bronx,Charter,20,0-5,NA,0-5,NA,1,1,No,No,No
84X487,84,X487,GIRLS PREPARATORY CHARTER SCHOOL OF THE BRONX (84X487),Bronx,Charter,79,18,22.8,0-5,NA,0,1,No,No,No
84X488,84,X488,THE EQUALITY CHARTER SCHOOL (84X488),Bronx,Charter,18,9,50,0-5,NA,0,1,No,No,No
84X491,84,X491,ACADEMIC LEADERSHIP CHARTER SCHOOL (84X491),Bronx,Charter,50,14,28,0-5,NA,0,1,No,No,No
84X492,84,X492,SOUTH BRONX EARLY COLLEGE ACADEMY CHARTER SCHOOL (84X492),Bronx,Charter,109,16,14.7,0-5,NA,0,1,No,No,No
84X494,84,X494,SUCCESS ACADEMY CHARTER SCHOOL - BRONX 2 (84X494),Bronx,Charter,41,27,65.9,0-5,NA,0,1,No,No,No
84X496,84,X496,ICAHN CHARTER SCHOOL 4 (84X496),Bronx,Charter,33,16,48.5,0-5,NA,0,1,No,No,No
84X538,84,X538,ICAHN CHARTER SCHOOL 5 (84X538),Bronx,Charter,28,15,53.6,0-5,NA,0,1,No,No,No
84X585,84,X585,LEGACY COLLEGE PREPARATORY (84X585),Bronx,Charter,41,21,51.2,0-5,NA,0,1,No,No,No
84X703,84,X703,BRONX PREPARATORY CHARTER SCHOOL (84X703),Bronx,Charter,19,8,42.1,0-5,NA,0,1,No,No,No
84X704,84,X704,KIPP ACADEMY CHARTER SCHOOL (84X704),Bronx,Charter,15,6,40,0-5,NA,0,1,No,No,No
84X706,84,X706,HARRIET TUBMAN CHARTER SCHOOL (84X706),Bronx,Charter,64,15,23.4,0-5,NA,0,1,No,No,No
84X717,84,X717,ICAHN CHARTER SCHOOL (84X717),Bronx,Charter,29,7,24.1,0-5,NA,0,1,No,No,No
84X730,84,X730,BRONX CHARTER SCHOOL FOR THE ARTS (84X730),Bronx,Charter,100,13,13,0-5,NA,0,1,No,No,No
